exposure_id,segment,country,stage,EAD,LGD,PD_12m,PD_lifetime,discount_rate,source
EXP-D0TVBDIV,Corporate,CN,1,565542.03,0.4966,0.0271,0.0369,0.1001,fallback
EXP-A3ZMF8MD,Corporate,DE,1,2729257.99,0.2882,0.0512,0.1079,0.1093,fallback
EXP-7CKW5NGC,Corporate,UK,1,1329959.13,0.2174,0.0422,0.0509,0.1041,fallback
EXP-4FMYZYCW,Retail,CN,3,4278035.43,0.5466,0.0366,0.0683,0.0671,fallback
EXP-Y41IBLJH,SME,CN,3,1903482.65,0.5958,0.0548,0.0938,0.072,fallback
EXP-F0T0PVN9,Corporate,FR,2,2501163.98,0.5539,0.055,0.065,0.0845,fallback
EXP-VNVQJT7Y,Retail,DE,3,4306903.52,0.2611,0.0212,0.0688,0.1119,fallback
EXP-AZZ81SDW,SME,US,3,3845307.68,0.3361,0.0305,0.0416,0.0855,fallback
EXP-TALA753L,Retail,DE,1,772667.95,0.505,0.0478,0.1023,0.1115,fallback
EXP-1ERTJ5PH,Retail,CN,3,437410.73,0.3944,0.0148,0.068,0.0983,fallback
EXP-SEIMVIHC,Corporate,UK,1,1565464.29,0.5981,0.0555,0.0862,0.066,fallback
EXP-HE7UR23G,Retail,DE,3,4299580.65,0.2283,0.0267,0.0735,0.0802,fallback
EXP-XC02DGTF,SME,FR,1,2061400.36,0.5455,0.0138,0.0595,0.0824,fallback
EXP-94874FRH,Retail,ES,1,2221222.42,0.5445,0.0485,0.052,0.0615,fallback
EXP-P89UZFK8,Retail,CN,3,4926691.13,0.3061,0.0649,0.0968,0.088,fallback
EXP-TCS4CC5O,Corporate,CN,1,1574888.0,0.2201,0.0434,0.1078,0.0905,fallback
EXP-7HZIOYKL,Retail,US,1,3100713.74,0.3677,0.0509,0.0875,0.0507,fallback
EXP-J755NF4Z,Corporate,CN,3,4992287.66,0.5984,0.0151,0.03,0.087,fallback
EXP-EEDTJVZH,Corporate,UK,1,4087349.63,0.3198,0.0564,0.1221,0.0854,fallback
EXP-JA1WJ0TP,SME,DE,1,4527629.09,0.5384,0.0165,0.0462,0.0553,fallback
EXP-FEL6246H,Corporate,FR,3,4520603.57,0.4182,0.0684,0.1092,0.0572,fallback
EXP-75935A0L,Corporate,ES,3,4421832.16,0.3626,0.0534,0.0642,0.1105,fallback
EXP-4I3QK2IA,Retail,FR,2,1341360.49,0.5149,0.0176,0.0787,0.073,fallback
EXP-9T7E8G8J,Retail,DE,2,4834776.63,0.3116,0.0549,0.0829,0.0804,fallback
EXP-6GBPS3Y7,Corporate,UK,3,3934276.61,0.3746,0.0789,0.087,0.0638,fallback
EXP-4ZKLOOKE,SME,ES,3,359169.32,0.4657,0.0331,0.0551,0.1158,fallback
EXP-4KH2VLPY,Corporate,CN,2,3743191.46,0.2696,0.0498,0.0782,0.1056,fallback
EXP-M31YIHAI,Corporate,ES,2,856760.07,0.2339,0.0461,0.0904,0.1095,fallback
EXP-NOFY6452,Retail,FR,1,2282526.68,0.5545,0.0503,0.1006,0.1063,fallback
EXP-Q2Y9V86W,Corporate,UK,2,2594609.17,0.2201,0.0274,0.0868,0.0799,fallback
EXP-14J1RIPZ,Corporate,FR,1,2235108.92,0.2637,0.0703,0.1018,0.0735,fallback
EXP-HOLQC3O1,Corporate,UK,1,412082.51,0.2603,0.0368,0.0475,0.11,fallback
EXP-48P0TVHH,Corporate,ES,2,1908101.33,0.2024,0.0346,0.0873,0.052,fallback
EXP-79T6VXDP,SME,US,2,3347679.37,0.5193,0.0607,0.1195,0.0627,fallback
EXP-N13JCAT9,SME,IT,1,1901728.28,0.2847,0.0329,0.0862,0.0955,fallback
EXP-WIRE8QJN,Corporate,CN,2,210888.11,0.2124,0.0273,0.086,0.1175,fallback
EXP-ALY8OZCY,Corporate,UK,1,581519.03,0.5277,0.0775,0.0851,0.0571,fallback
EXP-2MPNSM43,SME,DE,2,4252963.26,0.4402,0.0185,0.0874,0.1173,fallback
EXP-SXW71Q3V,Corporate,IT,1,4458959.32,0.3839,0.0207,0.033,0.1082,fallback
EXP-YMRLRMJK,Retail,CN,3,1401851.96,0.3803,0.0625,0.1024,0.1116,fallback
EXP-R1YXR2DH,Corporate,UK,1,60654.06,0.5792,0.016,0.0664,0.0714,fallback
EXP-TMQLIZL0,Corporate,US,3,1851412.05,0.4214,0.0341,0.1039,0.063,fallback
EXP-V93KMKZE,Retail,DE,1,3695637.22,0.3106,0.0513,0.1045,0.0887,fallback
EXP-AKRM8J5E,Corporate,DE,2,4721007.18,0.4551,0.0627,0.0699,0.0844,fallback
EXP-K9E1V2IS,Corporate,ES,2,3150934.08,0.2214,0.0204,0.0598,0.0708,fallback
EXP-08HHXFGC,Corporate,DE,2,4950255.99,0.3222,0.0535,0.0962,0.0815,fallback
EXP-4CIJ2V2H,Corporate,DE,2,2354863.27,0.2131,0.0302,0.05,0.0657,fallback
EXP-L0UKEYZ7,Retail,CN,2,4542973.11,0.5307,0.015,0.0266,0.0846,fallback
EXP-AIY4VA13,Retail,CN,1,2994202.94,0.5558,0.0614,0.1037,0.1034,fallback
EXP-VWRDMLY4,Retail,IT,2,2357799.11,0.4606,0.0741,0.0868,0.0986,fallback
EXP-DJE153A5,SME,ES,2,3316291.85,0.3602,0.0632,0.0658,0.0538,fallback
EXP-HT7PZE9V,Corporate,FR,3,1815279.0,0.5026,0.0538,0.107,0.0611,fallback
EXP-E8XF7KZO,Corporate,ES,2,78235.58,0.3632,0.0257,0.0846,0.0671,fallback
EXP-EC14M2JA,Corporate,UK,1,731763.42,0.2762,0.052,0.1042,0.1086,fallback
EXP-MTTQLGZU,Corporate,FR,2,4994522.64,0.3959,0.0204,0.0581,0.0531,fallback
EXP-2XF8E8LD,Corporate,US,2,2370151.49,0.5654,0.0367,0.1059,0.057,fallback
EXP-C2JWOCLY,SME,CN,2,86584.51,0.2577,0.071,0.1389,0.1168,fallback
EXP-CW790PDW,Corporate,US,1,3596399.95,0.5038,0.0711,0.0736,0.0811,fallback
EXP-MPIOYGGV,Corporate,ES,2,1504335.74,0.2116,0.0327,0.0366,0.0978,fallback
EXP-JA26YFPM,SME,CN,1,4565016.79,0.2572,0.0423,0.0601,0.0947,fallback
EXP-4DNMKZA3,SME,ES,1,3454664.43,0.3827,0.0311,0.1011,0.0506,fallback
EXP-361I2HGJ,Corporate,US,3,3893774.96,0.5894,0.0737,0.1259,0.1037,fallback
EXP-LPU0DK0G,Corporate,FR,2,4193302.21,0.4513,0.0732,0.1184,0.1114,fallback
EXP-3R30ME8F,SME,FR,3,2658953.34,0.5654,0.0681,0.0861,0.1007,fallback
EXP-ATQYYV37,SME,DE,3,4836676.04,0.5218,0.0356,0.0909,0.0664,fallback
EXP-XWQZXEBB,Retail,ES,1,3101538.87,0.5773,0.033,0.0757,0.0568,fallback
EXP-8P0FODRO,Corporate,IT,1,686963.6,0.3815,0.0569,0.1089,0.0983,fallback
EXP-YT9MOGE4,Retail,ES,1,2222481.6,0.5802,0.0699,0.0769,0.0964,fallback
EXP-92H3TV3I,Corporate,US,1,3201069.66,0.5884,0.0135,0.0368,0.1052,fallback
EXP-JGXAA2IL,Corporate,FR,1,24149.4,0.5434,0.0201,0.0292,0.0537,fallback
EXP-NVQHW06X,Corporate,IT,2,2110593.18,0.2455,0.0144,0.0458,0.095,fallback
EXP-R6CCVCJW,Retail,CN,3,313518.78,0.3916,0.0381,0.0861,0.0728,fallback
EXP-Z4X1ZHQI,Corporate,IT,2,2657478.62,0.3815,0.0524,0.0593,0.0779,fallback
EXP-F7C3DD03,Corporate,CN,1,484478.34,0.3707,0.0566,0.0828,0.0911,fallback
EXP-7P6BKLDS,Corporate,FR,3,2812800.07,0.468,0.0388,0.1,0.0838,fallback
EXP-IPU1WYUV,Retail,UK,3,1757068.83,0.4225,0.018,0.0375,0.0687,fallback
EXP-GFXC08DT,Retail,ES,2,1373619.24,0.505,0.0745,0.0991,0.0818,fallback
EXP-DBFWYJXR,Retail,ES,2,1856564.93,0.4886,0.0644,0.1041,0.0691,fallback
EXP-RYBOVAKH,Corporate,FR,1,577949.37,0.372,0.0298,0.0773,0.0703,fallback
EXP-ZS43C5BA,Retail,DE,1,48572.23,0.4988,0.0223,0.0489,0.0903,fallback
EXP-8G8QYNPD,Corporate,ES,2,2028070.19,0.4561,0.0303,0.0587,0.078,fallback
EXP-GSES6M03,Retail,US,1,1984875.82,0.3241,0.0338,0.0571,0.0665,fallback
EXP-C8WQUUY5,Retail,UK,3,1287281.43,0.2694,0.0207,0.0738,0.1191,fallback
EXP-PKJCSLQC,SME,US,1,4322591.91,0.4509,0.0206,0.0254,0.0554,fallback
EXP-26Q3XLRF,Retail,DE,2,3078891.86,0.4028,0.0424,0.0812,0.0572,fallback
EXP-Z9SVN7N1,SME,UK,2,4912104.05,0.2337,0.0552,0.0579,0.0537,fallback
EXP-K0X65MUF,Corporate,IT,1,3240053.73,0.2264,0.0166,0.0641,0.1177,fallback
EXP-UXLEZ896,Corporate,DE,3,3314054.43,0.2516,0.0596,0.0655,0.0969,fallback
EXP-8RIEC4D1,Corporate,US,3,1815522.2,0.345,0.0226,0.0376,0.1119,fallback
EXP-FGYW6ZBN,Retail,UK,1,3313026.89,0.5506,0.0533,0.0951,0.1179,fallback
EXP-L3Q4N89Q,Corporate,IT,2,1431790.38,0.4994,0.0414,0.0788,0.0852,fallback
EXP-JX5TD44K,SME,US,1,4831678.08,0.5268,0.0661,0.0758,0.0691,fallback
EXP-QMABSI9N,Corporate,DE,1,745269.79,0.375,0.0762,0.0917,0.1152,fallback
EXP-3ZEZQACJ,Corporate,US,1,3253303.81,0.5166,0.0196,0.0397,0.0884,fallback
EXP-EIXWC4RT,Corporate,UK,2,3048311.69,0.3693,0.0643,0.0809,0.0903,fallback
EXP-OXD9CSS9,Corporate,CN,1,726448.43,0.3717,0.053,0.0698,0.0773,fallback
EXP-MCIXDU1E,SME,IT,2,227236.78,0.3548,0.0361,0.0884,0.0737,fallback
EXP-W3C1QKBH,Corporate,DE,1,883694.74,0.5117,0.0425,0.0912,0.1153,fallback
EXP-XK5BXJ2P,Corporate,ES,3,1997138.04,0.5262,0.0431,0.0457,0.0808,fallback
EXP-2JCPP9GK,SME,DE,1,1701792.78,0.2747,0.0584,0.0841,0.073,fallback
EXP-MB5M9J98,SME,DE,3,1539414.32,0.441,0.0398,0.0881,0.0946,fallback
EXP-4YPEIXN8,SME,DE,2,2570299.24,0.5,0.0212,0.0234,0.0607,fallback
EXP-TOXIE0RN,SME,CN,1,4744629.41,0.3488,0.0634,0.1036,0.0683,fallback
EXP-9HECGZ93,SME,US,1,3523148.68,0.2858,0.0528,0.1014,0.0967,fallback
EXP-Z7W2SEHE,Corporate,US,2,334046.0,0.4169,0.0724,0.132,0.0518,fallback
EXP-5COZROOU,Corporate,FR,1,2865664.26,0.387,0.0788,0.0879,0.095,fallback
EXP-TV1ES53S,SME,IT,1,2334507.67,0.4069,0.019,0.077,0.0613,fallback
EXP-CH8JWWDX,Corporate,CN,2,1135096.72,0.579,0.0463,0.0662,0.0608,fallback
EXP-B5C81JHU,Corporate,CN,3,3126151.15,0.5608,0.0336,0.0983,0.0521,fallback
EXP-3OQYFOQM,Corporate,FR,1,2732431.64,0.4568,0.0311,0.0482,0.1103,fallback
EXP-NULQJIDK,SME,ES,2,3673656.78,0.5443,0.0783,0.0875,0.0793,fallback
EXP-F9Q5RDOQ,Retail,FR,1,4069254.45,0.5735,0.0605,0.0738,0.0908,fallback
EXP-QT4P501N,Retail,ES,1,262196.62,0.398,0.0718,0.1176,0.0899,fallback
EXP-T3WVEDN9,Retail,CN,1,1818993.64,0.3154,0.037,0.0685,0.1028,fallback
EXP-Z2SF6F7L,Retail,ES,2,3016290.13,0.3606,0.0128,0.0155,0.1018,fallback
EXP-URALDOL6,SME,US,3,2972686.03,0.4029,0.0457,0.08,0.094,fallback
EXP-UZVGWW4F,Corporate,UK,1,2378205.17,0.5868,0.0648,0.1191,0.0522,fallback
EXP-YO1750CE,Corporate,FR,2,558378.65,0.2076,0.032,0.0426,0.0728,fallback
EXP-TTY5Y2JR,Corporate,FR,1,2397071.21,0.3507,0.077,0.1092,0.0891,fallback
EXP-YRRU7ZKU,Retail,CN,2,4708012.88,0.5929,0.064,0.1133,0.1127,fallback
EXP-KZMPJRHT,SME,CN,3,4093703.53,0.5818,0.0663,0.0866,0.069,fallback
EXP-TWBOZD1A,Retail,CN,1,3082228.4,0.4347,0.027,0.0739,0.0785,fallback
EXP-X6DUT076,SME,FR,2,2392468.12,0.2798,0.0775,0.1,0.1118,fallback
EXP-G05KBKV7,Retail,IT,1,4670273.83,0.2145,0.0685,0.1237,0.0818,fallback
EXP-QGEFQJG0,Corporate,US,1,2721069.41,0.3976,0.0757,0.1353,0.0897,fallback
EXP-SDYGFLIJ,Retail,FR,2,885719.62,0.5425,0.0728,0.1307,0.1028,fallback
EXP-YCELOS6Z,SME,IT,3,1516709.74,0.4892,0.0108,0.0566,0.0582,fallback
EXP-Q9NZ6123,SME,US,1,1844044.08,0.2883,0.077,0.1105,0.0976,fallback
EXP-CUCTSUFL,Corporate,CN,2,4366943.94,0.2327,0.0413,0.0906,0.0581,fallback
EXP-CEOUUYLA,Retail,IT,1,3587420.65,0.3955,0.0729,0.1041,0.1022,fallback
EXP-C69QKGEX,Corporate,UK,3,374417.33,0.3695,0.059,0.0969,0.1175,fallback
EXP-NYXTXMGT,SME,CN,1,4964354.43,0.353,0.0709,0.1344,0.101,fallback
EXP-ZPNIQFG5,Retail,US,1,4175759.84,0.5025,0.0785,0.1109,0.0523,fallback
EXP-HDBVZB0O,Corporate,FR,2,2102010.59,0.5064,0.0719,0.073,0.0652,fallback
EXP-UU13I59S,Retail,ES,1,709276.52,0.5974,0.0264,0.0905,0.0693,fallback
EXP-PR97Y2LO,Corporate,FR,1,4743116.07,0.5519,0.0738,0.1176,0.0764,fallback
EXP-36U8UEIH,Corporate,UK,1,2372858.91,0.5397,0.0311,0.0806,0.1146,fallback
EXP-YV5G10UR,SME,US,1,471395.34,0.4898,0.0233,0.0421,0.0712,fallback
EXP-16ZZOILK,Retail,ES,2,1066920.78,0.276,0.0619,0.1142,0.0954,fallback
EXP-9Q46NOUH,SME,FR,1,1315192.52,0.4051,0.0448,0.0517,0.0683,fallback
EXP-N4RXYJ38,Corporate,UK,3,2899923.2,0.367,0.0207,0.0438,0.0843,fallback
EXP-G698S4C3,Retail,DE,1,3666533.46,0.3409,0.0198,0.0581,0.0789,fallback
EXP-NWYWRRAT,Corporate,DE,1,1164852.63,0.4829,0.0106,0.046,0.0871,fallback
EXP-P7G7SIWJ,SME,IT,1,2683333.13,0.3147,0.0452,0.0941,0.1056,fallback
EXP-IY4X41DN,Retail,CN,2,1871527.4,0.3624,0.0496,0.1189,0.0539,fallback
EXP-L9967I6Y,Retail,CN,2,3517197.3,0.2331,0.0692,0.1143,0.069,fallback
EXP-G4AHF337,Retail,IT,1,3425299.43,0.3121,0.048,0.0941,0.0895,fallback
EXP-1F90S9BP,Corporate,US,1,4174906.29,0.3557,0.0728,0.096,0.0738,fallback
EXP-J9RM7PYX,Corporate,DE,2,4774743.4,0.3587,0.0641,0.0662,0.0707,fallback
EXP-W0LDALMJ,Retail,FR,1,3568411.58,0.2328,0.0208,0.0706,0.0631,fallback
EXP-TV25AO20,SME,CN,1,2789355.31,0.405,0.0172,0.0235,0.09,fallback
EXP-FGJK2N7Z,Retail,ES,2,3429726.8,0.2678,0.0288,0.0476,0.0932,fallback
EXP-W2LM349E,SME,IT,2,543792.11,0.3219,0.0764,0.0997,0.1163,fallback
EXP-0W82LK2N,Retail,CN,1,2400258.61,0.2711,0.0379,0.0602,0.0915,fallback
EXP-7H23C42Y,Corporate,FR,3,907836.79,0.507,0.0119,0.0628,0.0712,fallback
EXP-9ROS7YT2,SME,IT,3,3296728.21,0.4861,0.0652,0.0704,0.1127,fallback
EXP-XFWUXX8L,Corporate,US,2,2973161.52,0.5658,0.0177,0.0351,0.0574,fallback
EXP-UQO1VSMA,Retail,DE,1,1301104.47,0.4043,0.0463,0.0869,0.0791,fallback
EXP-QHRRPZLK,Retail,US,3,589186.0,0.5763,0.0199,0.0417,0.0581,fallback
EXP-IGFU8IOG,SME,UK,3,3243369.89,0.4709,0.0215,0.0904,0.0802,fallback
EXP-AHKZ2U2T,Retail,IT,1,3689567.96,0.5532,0.0415,0.0716,0.0638,fallback
EXP-VWVM4W3Z,Retail,IT,2,1319143.44,0.5451,0.0469,0.0916,0.0913,fallback
EXP-YSPENGWY,Corporate,UK,1,678399.37,0.2471,0.0314,0.0442,0.0888,fallback
EXP-58RHNUXO,SME,ES,2,1451285.52,0.2748,0.0689,0.1123,0.0997,fallback
EXP-KJTGQ01T,SME,DE,2,2448610.56,0.2331,0.0122,0.0655,0.058,fallback
EXP-ZT9D31K9,Corporate,ES,1,4118181.21,0.3467,0.0676,0.0705,0.0744,fallback
EXP-3VMZWFFH,Retail,FR,1,2200958.82,0.5976,0.0643,0.0809,0.0899,fallback
EXP-KJ49YD82,Corporate,DE,1,1412614.24,0.4155,0.0327,0.082,0.1107,fallback
EXP-I4OFWWNC,Retail,US,1,3510118.37,0.2531,0.0202,0.0427,0.0782,fallback
EXP-LA100QXM,Corporate,DE,2,1398346.18,0.5745,0.0358,0.1023,0.0778,fallback
EXP-TE4261BW,SME,US,2,4125989.76,0.3979,0.0326,0.0525,0.0511,fallback
EXP-YEXF7JXJ,Retail,IT,3,2212016.88,0.2003,0.0771,0.0913,0.1133,fallback
EXP-PDDHCVSQ,Retail,DE,3,268418.5,0.4502,0.0608,0.1137,0.0741,fallback
EXP-N0DL5E11,Retail,FR,3,4940893.0,0.3689,0.0193,0.0243,0.1195,fallback
EXP-MH07WPH6,Retail,FR,1,351373.92,0.4253,0.0527,0.0642,0.0913,fallback
EXP-XIVZK7A4,SME,IT,1,1764162.85,0.3718,0.0654,0.0827,0.0862,fallback
EXP-2INIWC5A,Corporate,IT,1,951346.15,0.3567,0.0552,0.1101,0.0592,fallback
EXP-9CVAH78O,Corporate,IT,3,2110109.04,0.4185,0.0221,0.0551,0.0999,fallback
EXP-FDC79FLV,SME,US,3,2123640.42,0.3609,0.0548,0.0924,0.0977,fallback
EXP-I7EWBXXG,Retail,DE,3,1557745.77,0.375,0.0767,0.0934,0.0596,fallback
EXP-ZGE2J51B,Retail,US,2,827524.83,0.5812,0.0466,0.1014,0.069,fallback
EXP-SB4GF16Y,Retail,DE,1,1322118.76,0.59,0.0539,0.0886,0.1019,fallback
EXP-NF74T60P,Retail,IT,1,229749.16,0.5452,0.0271,0.0601,0.0791,fallback
EXP-YBISBO55,Corporate,US,1,1606476.34,0.5304,0.05,0.0584,0.0729,fallback
EXP-0IN8910T,Corporate,US,1,2289163.42,0.3476,0.0304,0.0853,0.0605,fallback
EXP-AM1N0LH9,SME,ES,2,129312.18,0.4166,0.0545,0.103,0.1173,fallback
EXP-SZN9DDE3,Retail,DE,2,3561145.85,0.2372,0.0745,0.1373,0.0897,fallback
EXP-7O3LQI7E,SME,US,2,3315595.2,0.2523,0.0304,0.09,0.0576,fallback
EXP-8HLJEFY3,Retail,UK,2,830231.15,0.3864,0.0385,0.076,0.0528,fallback
EXP-BK3G84UT,SME,DE,2,750135.75,0.4845,0.0778,0.1055,0.0571,fallback
EXP-HOY7DV7C,Retail,DE,1,616051.74,0.2247,0.0647,0.0803,0.1132,fallback
EXP-E7B7P0RN,SME,ES,1,4048400.34,0.2368,0.0693,0.1259,0.0748,fallback
EXP-WXR5RDNP,Retail,UK,2,1382159.03,0.3784,0.0204,0.0634,0.0674,fallback
EXP-TR6SNGLH,Corporate,US,1,3976282.76,0.5958,0.0647,0.0898,0.0541,fallback
EXP-DXJ37C9H,SME,US,2,2651867.14,0.5067,0.08,0.1482,0.0748,fallback
EXP-6BZ8UUG9,Retail,ES,2,888740.83,0.437,0.0664,0.1152,0.0716,fallback
EXP-RLW3MG25,SME,DE,1,199439.07,0.2225,0.0521,0.0535,0.0603,fallback
EXP-8N7ODKEF,Corporate,ES,3,4586948.5,0.5097,0.0693,0.1295,0.1172,fallback
EXP-WMX3N0KG,Corporate,DE,3,1593244.13,0.4829,0.0493,0.1116,0.1164,fallback
EXP-L3WXDRLC,SME,IT,1,4255277.26,0.5083,0.0497,0.0624,0.0618,fallback
EXP-AHYM2ZBP,Retail,ES,1,4110092.41,0.468,0.0611,0.0846,0.1119,fallback
EXP-2U1IQ2BA,SME,IT,1,4410035.59,0.3405,0.0363,0.0943,0.0552,fallback
EXP-9M96ZPXV,Retail,ES,1,4440777.03,0.2644,0.0153,0.0812,0.0537,fallback
EXP-0JKIBU4F,SME,IT,1,1035696.88,0.276,0.0588,0.1093,0.0799,fallback
EXP-HW9RE2Q6,SME,IT,1,4121247.56,0.45,0.0436,0.0504,0.0949,fallback
EXP-JQIJC1YD,SME,IT,2,932557.29,0.5542,0.0359,0.0671,0.079,fallback
EXP-8Y7UIKO4,Corporate,DE,2,1145288.67,0.2244,0.0371,0.0737,0.09,fallback
EXP-1G983EP9,Corporate,ES,1,4004247.18,0.471,0.0534,0.0618,0.1198,fallback
EXP-3DUT4S7A,Corporate,UK,2,747912.47,0.438,0.0324,0.0833,0.0911,fallback
EXP-8DD22555,SME,IT,2,571469.02,0.2599,0.0497,0.0905,0.0958,fallback
EXP-VYB6LI07,Corporate,IT,1,3048721.14,0.215,0.0293,0.0394,0.0737,fallback
EXP-9IK01L0V,SME,DE,1,1561637.0,0.5371,0.0701,0.118,0.0809,fallback
EXP-SFLSE45B,SME,FR,1,3707314.55,0.5038,0.0707,0.1282,0.1086,fallback
EXP-NQO7YIRQ,Retail,US,2,175024.51,0.2202,0.0352,0.0491,0.0911,fallback
EXP-DAB42HHI,SME,FR,1,1727802.53,0.5351,0.0281,0.0863,0.0956,fallback
EXP-6XVAJ2K8,Corporate,UK,1,110061.26,0.5121,0.0637,0.0643,0.0797,fallback
EXP-SWVA984U,SME,CN,2,4259415.0,0.3836,0.0253,0.0465,0.0698,fallback
EXP-5JZ6KF16,Corporate,US,2,549441.61,0.2255,0.0792,0.124,0.0783,fallback
EXP-JPNBZUG0,SME,FR,3,3406971.19,0.4885,0.0559,0.1257,0.0874,fallback
EXP-45GDEJ31,SME,FR,3,4533567.26,0.4687,0.0455,0.1047,0.113,fallback
EXP-2LJK4Q5V,Corporate,CN,1,455606.11,0.3421,0.0621,0.0836,0.0831,fallback
EXP-B4EHOU6Q,Retail,IT,3,2507382.1,0.547,0.0367,0.0576,0.0626,fallback
EXP-AJ1G1R1D,Retail,CN,2,2443028.42,0.4524,0.0224,0.0668,0.0943,fallback
EXP-0861TAA0,SME,FR,3,2150836.99,0.391,0.0103,0.0477,0.1114,fallback
EXP-3KK0VM59,SME,IT,2,653364.69,0.3534,0.0512,0.0629,0.0751,fallback
EXP-I9HASEZ2,Retail,ES,3,832768.71,0.5628,0.0668,0.0681,0.0679,fallback
EXP-4BEPEJZH,Corporate,UK,3,3119442.54,0.4376,0.0134,0.021,0.0507,fallback
EXP-E3DZEEDH,SME,FR,1,3311706.23,0.465,0.0289,0.0713,0.1082,fallback
EXP-6YRIADDU,Retail,ES,1,1796029.96,0.3639,0.0212,0.0596,0.1165,fallback
EXP-Q9JB354M,Corporate,UK,1,384490.59,0.4894,0.0733,0.1184,0.0798,fallback
EXP-XGMPW5D3,Retail,FR,1,484042.37,0.5033,0.0132,0.0728,0.0781,fallback
EXP-X2EZC7FO,SME,CN,2,1366447.12,0.3543,0.0695,0.1255,0.1062,fallback
EXP-5506RR5P,Corporate,DE,1,2196432.4,0.4445,0.0645,0.1073,0.0958,fallback
EXP-U9YMSZDX,Retail,FR,2,3525795.2,0.4712,0.0637,0.1041,0.0742,fallback
EXP-WA7SQRF1,Corporate,IT,1,3210608.22,0.2595,0.0679,0.1303,0.0732,fallback
EXP-IQ2Q4QER,SME,UK,1,261250.07,0.2891,0.055,0.0832,0.0572,fallback
EXP-8W6UXQM3,SME,US,1,188801.34,0.4196,0.0678,0.1232,0.1091,fallback
EXP-ZE1HM38K,SME,CN,1,2805152.72,0.4479,0.0431,0.0891,0.0991,fallback
EXP-OJHE4H3G,Retail,IT,1,4485416.82,0.397,0.0675,0.1195,0.103,fallback
EXP-QX8ERTB7,Retail,US,2,4633866.39,0.535,0.0512,0.1053,0.0838,fallback
EXP-3DXVL5PV,Corporate,UK,1,3907596.67,0.5641,0.0584,0.0706,0.0692,fallback
EXP-Z0KZ4Z7W,SME,FR,1,4852753.33,0.3811,0.0193,0.0482,0.0937,fallback
EXP-9GTWZ1UU,SME,UK,3,3436190.37,0.5685,0.0193,0.069,0.0792,fallback
EXP-ADNBCJ29,Corporate,UK,1,4470391.35,0.4136,0.0714,0.101,0.0602,fallback
EXP-3D5050UI,Retail,US,3,3456068.3,0.3181,0.0628,0.0651,0.0701,fallback
EXP-Y8B0H54P,Corporate,FR,3,244429.61,0.3526,0.0392,0.0944,0.0993,fallback
EXP-0GQ9C80E,Corporate,DE,2,1845028.19,0.4354,0.0617,0.0755,0.0695,fallback
EXP-ZFFLB7WX,SME,ES,2,659031.99,0.4336,0.0279,0.051,0.0885,fallback
EXP-CSOTDHHL,Retail,IT,1,3922316.93,0.3271,0.0254,0.0383,0.0653,fallback
EXP-AYQ6WW8Y,Corporate,IT,2,2657189.49,0.5987,0.0677,0.1364,0.1141,fallback
EXP-3N2QB6GS,Retail,DE,1,1935520.91,0.4161,0.0298,0.0936,0.118,fallback
EXP-HY4H350P,Corporate,US,1,2670697.05,0.4508,0.0248,0.0689,0.1023,fallback
EXP-GJC36OQO,Retail,IT,1,128527.2,0.4867,0.0127,0.0178,0.0773,fallback
EXP-VZC7D2KD,Retail,US,2,2678823.51,0.4566,0.0533,0.1062,0.0767,fallback
EXP-24KWK585,Corporate,UK,1,163787.57,0.2625,0.0254,0.0777,0.117,fallback
EXP-VT8K06MO,Retail,UK,2,2772085.7,0.422,0.0186,0.019,0.06,fallback
EXP-24479QTK,Retail,DE,1,1111731.97,0.5339,0.0236,0.0363,0.0569,fallback
EXP-IKCGRLXY,Corporate,FR,2,2907172.31,0.5806,0.035,0.082,0.0897,fallback
EXP-ZXJMYLRQ,SME,US,1,4793708.02,0.2675,0.0319,0.0869,0.0841,fallback
EXP-FTJ5CCAS,Retail,DE,2,887093.1,0.4427,0.0689,0.129,0.0905,fallback
EXP-TXFO6V4E,Corporate,CN,2,1071675.82,0.2147,0.0282,0.0908,0.0563,fallback
EXP-WFSQG8X8,SME,UK,3,2515814.68,0.4651,0.0694,0.1259,0.0838,fallback
EXP-IYS2N75B,SME,UK,1,211694.93,0.5046,0.0262,0.0447,0.0572,fallback
EXP-UNNV6CJ9,Corporate,FR,2,3171499.24,0.3094,0.0619,0.1024,0.0784,fallback
EXP-FFCXHGNZ,SME,DE,3,2439439.2,0.3928,0.0523,0.0874,0.0661,fallback
EXP-F4ABUFWB,SME,CN,1,3604075.74,0.3926,0.0435,0.0582,0.0539,fallback
EXP-W5038HVQ,SME,ES,1,4613009.88,0.4067,0.0384,0.1062,0.0654,fallback
EXP-XJ0MQVIN,SME,DE,1,3008185.18,0.5178,0.0674,0.0801,0.0642,fallback
EXP-6V5T1DX6,Corporate,CN,1,3424995.48,0.5306,0.0524,0.0648,0.1128,fallback
EXP-TI22NV01,Corporate,UK,2,3249666.36,0.4088,0.0359,0.0389,0.0568,fallback
EXP-VTJA0ASS,Retail,ES,3,1280044.96,0.5063,0.0737,0.0796,0.0644,fallback
EXP-JTUW9OHT,SME,CN,2,2050136.94,0.2426,0.0398,0.0808,0.0625,fallback
EXP-Z04X0QZF,Corporate,FR,2,2779007.67,0.3015,0.0315,0.0556,0.078,fallback
EXP-OW23QVDJ,SME,IT,1,4006260.13,0.4456,0.0579,0.0615,0.0926,fallback
EXP-ZV83XPHX,Corporate,US,2,1927786.79,0.5938,0.053,0.0895,0.07,fallback
EXP-YMX9DJOY,Retail,ES,2,3921957.63,0.4042,0.0589,0.102,0.064,fallback
EXP-36M8JVH7,Retail,CN,1,3687258.45,0.2274,0.0163,0.0362,0.0683,fallback
EXP-ESJT2JPN,SME,ES,1,2536128.1,0.4235,0.0452,0.069,0.103,fallback
EXP-JN2HZ2OM,SME,CN,1,3411157.42,0.5586,0.0703,0.104,0.0991,fallback
EXP-C7RM6J8Y,SME,FR,2,1248805.47,0.2372,0.0572,0.1147,0.1016,fallback
EXP-IWFD7YXW,Retail,US,2,3679791.04,0.5491,0.0245,0.0387,0.1171,fallback
EXP-UJG1SO1E,SME,CN,2,1862270.71,0.3262,0.0729,0.1346,0.0835,fallback
EXP-QESLAYND,Corporate,IT,2,172487.61,0.3389,0.0702,0.1245,0.1103,fallback
EXP-NRHZN4KG,Retail,FR,2,2747331.37,0.2949,0.043,0.0859,0.098,fallback
EXP-H20RAPE6,Retail,UK,2,3606869.14,0.5216,0.0489,0.1088,0.0874,fallback
EXP-OYC3RWQM,SME,IT,1,3928811.35,0.32,0.0493,0.089,0.0892,fallback
EXP-VUXT9KLS,SME,US,3,1727259.98,0.3647,0.0346,0.0822,0.0813,fallback
EXP-G3MWU4CF,Retail,FR,1,1911544.28,0.3146,0.0542,0.0643,0.0722,fallback
EXP-270SQG4E,SME,FR,3,3555063.09,0.4422,0.0377,0.0998,0.0676,fallback
EXP-C5TAO1CJ,Corporate,FR,1,3506477.67,0.232,0.0217,0.0289,0.0958,fallback
EXP-E4BX4LR9,SME,CN,1,1553759.56,0.299,0.0299,0.0738,0.0884,fallback
EXP-WWUSXLMT,Retail,US,1,4848015.9,0.479,0.0224,0.0642,0.0809,fallback
EXP-1EKTYR1K,SME,US,2,2066896.99,0.2623,0.0107,0.0473,0.1059,fallback
EXP-UOF0ONJP,Corporate,FR,2,1163764.81,0.2029,0.0362,0.065,0.1035,fallback
EXP-3O4GKWWJ,Corporate,CN,2,4039798.95,0.4739,0.0299,0.0819,0.0631,fallback
EXP-KEPADAHP,Retail,US,2,769225.03,0.5879,0.0115,0.0796,0.1199,fallback
EXP-FJOTG6JN,SME,DE,1,3487704.67,0.2127,0.0156,0.0681,0.1182,fallback
EXP-BQ1S9RYL,Corporate,IT,1,1252322.18,0.5085,0.041,0.0926,0.094,fallback
EXP-KMBY9IPA,Retail,US,1,3726175.65,0.4198,0.0185,0.0522,0.0909,fallback
EXP-RVNDFDW7,SME,US,3,3947827.46,0.2036,0.0129,0.0677,0.0542,fallback
EXP-I9212PGY,SME,IT,3,3226428.73,0.4805,0.0654,0.0742,0.0594,fallback
EXP-GGM0J36T,Retail,DE,2,2431657.64,0.375,0.0306,0.0794,0.0609,fallback
EXP-S05WNWLC,SME,CN,2,4098898.57,0.4166,0.0418,0.0961,0.0633,fallback
EXP-XDSC4E5H,Corporate,ES,1,2492770.31,0.4206,0.0529,0.0755,0.0569,fallback
EXP-VBHZA7X7,Corporate,US,1,3212340.82,0.3554,0.0443,0.088,0.0828,fallback
EXP-NZ3JBCK8,Corporate,CN,1,312893.94,0.4232,0.0757,0.1048,0.0571,fallback
EXP-WG0ODWMQ,Retail,UK,2,2662988.65,0.2758,0.0468,0.0642,0.1118,fallback
EXP-TV76T94O,Retail,UK,2,3964383.37,0.42,0.0453,0.0913,0.1078,fallback
EXP-7J8QO09V,SME,CN,1,3045982.72,0.4253,0.025,0.0786,0.1195,fallback
EXP-1737SUUD,SME,ES,1,42778.46,0.5938,0.025,0.047,0.0609,fallback
EXP-DO7002G3,SME,UK,3,1841743.64,0.4329,0.0263,0.0831,0.0903,fallback
EXP-CC1M3O55,Retail,FR,3,2980203.7,0.3202,0.0612,0.1015,0.0957,fallback
EXP-SLULZFY9,Corporate,ES,2,4643979.3,0.4536,0.0543,0.0581,0.0903,fallback
EXP-CUBODS1E,Retail,FR,2,1118207.28,0.3159,0.0376,0.0469,0.0892,fallback
EXP-SIJPYUEO,SME,IT,1,1982640.83,0.4285,0.0493,0.1191,0.0633,fallback
EXP-W9PFB3HN,SME,US,3,2973446.97,0.2097,0.0313,0.1004,0.1097,fallback
EXP-3KM2KQL0,Retail,FR,1,3700512.33,0.2972,0.0535,0.0638,0.0882,fallback
EXP-YN6SJCHZ,SME,IT,1,2748512.27,0.4492,0.0795,0.1282,0.0825,fallback
EXP-MDK5N9SZ,Retail,IT,2,342322.98,0.4641,0.0564,0.1203,0.1107,fallback
EXP-ZB7KR0AY,Corporate,IT,3,449223.14,0.2796,0.0777,0.1169,0.0712,fallback
EXP-9978IMOE,Corporate,UK,2,1386632.61,0.2248,0.028,0.0551,0.0865,fallback
EXP-F86LTHET,Corporate,US,1,3066117.48,0.4502,0.0259,0.0427,0.1104,fallback
EXP-61XUFCTZ,SME,FR,1,3445775.13,0.5595,0.0737,0.1038,0.1088,fallback
EXP-OP767J2D,Retail,FR,1,3638126.87,0.5062,0.0716,0.1006,0.1034,fallback
EXP-IAC2E4QX,Corporate,FR,2,3088563.06,0.4422,0.0529,0.0946,0.0844,fallback
EXP-78IYHHG8,Retail,ES,2,827294.01,0.2905,0.0386,0.1064,0.0843,fallback
EXP-V3ZO7UTX,SME,UK,1,4335206.78,0.555,0.0399,0.0942,0.0864,fallback
EXP-T9BN18GP,SME,IT,1,2289933.12,0.5511,0.0714,0.0886,0.0823,fallback
EXP-QXDSGV6T,SME,ES,2,1479154.43,0.5676,0.0583,0.1216,0.0726,fallback
EXP-QJY62ZEE,Retail,ES,3,902604.11,0.4361,0.0599,0.074,0.0754,fallback
EXP-FTBGM55F,Corporate,FR,1,3539322.8,0.4907,0.0783,0.1211,0.1038,fallback
EXP-WEEHWJQ4,Retail,CN,1,2103712.64,0.3238,0.0638,0.095,0.0926,fallback
EXP-CVITWU3B,SME,FR,1,1197012.99,0.4355,0.0433,0.072,0.0957,fallback
EXP-LDD9FKXZ,Retail,CN,2,735418.34,0.213,0.0505,0.0927,0.0624,fallback
EXP-L6314CQE,SME,US,1,3749180.7,0.3441,0.0125,0.0663,0.073,fallback
EXP-0W9RY79K,SME,CN,1,2627984.58,0.4783,0.0528,0.0605,0.0682,fallback
EXP-SWRGVZ9A,Corporate,DE,2,4975171.43,0.3415,0.0191,0.0585,0.0938,fallback
EXP-BM3HXYJC,Retail,IT,2,3689967.19,0.2829,0.0531,0.0821,0.0885,fallback
EXP-83G47RRB,Retail,FR,2,578045.45,0.3333,0.0377,0.0775,0.0609,fallback
EXP-O04K0LTH,SME,UK,1,4461371.05,0.4148,0.0335,0.0884,0.106,fallback
EXP-NTFVGE2L,SME,US,1,340403.08,0.2597,0.0689,0.0926,0.0997,fallback
EXP-8HKE226P,SME,DE,2,2075209.14,0.3988,0.0266,0.0582,0.1133,fallback
EXP-1F537YE0,Retail,ES,2,959156.28,0.5695,0.0613,0.098,0.1,fallback
EXP-5L6D10A1,Corporate,UK,1,588021.58,0.3244,0.0131,0.0725,0.0725,fallback
EXP-JFE8UDTT,Retail,IT,1,1439971.21,0.4129,0.0641,0.1111,0.116,fallback
EXP-TBB6BNDO,SME,UK,2,2874673.88,0.2685,0.0318,0.0943,0.1124,fallback
EXP-3ZYT91QE,Corporate,US,3,4182510.27,0.4797,0.0531,0.075,0.0828,fallback
EXP-8F6JNG7L,SME,US,1,1558854.51,0.4578,0.0637,0.0966,0.0817,fallback
EXP-KMUSOZDU,Retail,DE,1,336172.34,0.2452,0.0435,0.1027,0.0873,fallback
EXP-RCHYP9UM,SME,UK,1,2956774.42,0.2954,0.0271,0.0382,0.0621,fallback
EXP-VQT3G8CD,Corporate,US,2,398693.07,0.5723,0.0502,0.0843,0.104,fallback
EXP-FU131XQK,SME,CN,2,1643767.13,0.458,0.0143,0.0295,0.0813,fallback
EXP-K7P9MDA9,Retail,ES,1,3410768.77,0.3266,0.0499,0.1138,0.1097,fallback
EXP-3M55IZOL,Retail,ES,2,1852422.24,0.4196,0.0137,0.0629,0.0767,fallback
EXP-4MPK5EAX,Corporate,FR,3,1063968.21,0.2694,0.0197,0.0586,0.1119,fallback
EXP-OQ2VPGST,Corporate,ES,2,2189308.23,0.5961,0.0159,0.0609,0.0749,fallback
EXP-ZJ7UBBRN,Retail,CN,2,2129611.57,0.203,0.0449,0.0961,0.1173,fallback
EXP-2QC6DR08,Retail,DE,3,719016.52,0.4925,0.0789,0.1478,0.0944,fallback
EXP-QSQ0P82K,Corporate,DE,3,1569373.61,0.2211,0.034,0.0885,0.1146,fallback
EXP-UUXK0ARE,Corporate,DE,1,1527313.51,0.514,0.0282,0.0723,0.0676,fallback
EXP-GVFQ3JZR,Corporate,US,2,1412049.94,0.5431,0.011,0.0188,0.1103,fallback
EXP-41ONX0GU,SME,US,1,4920517.57,0.5869,0.0517,0.1092,0.0538,fallback
EXP-K01TNZRF,SME,US,2,3779864.82,0.2464,0.0217,0.0496,0.0508,fallback
EXP-DTM4VXJJ,SME,US,1,1916200.43,0.3263,0.0471,0.114,0.0679,fallback
EXP-VHMYGTY3,Corporate,DE,2,1961857.28,0.5093,0.0624,0.1138,0.0568,fallback
EXP-BWCV6HVE,Retail,DE,1,3430642.77,0.3406,0.0608,0.0784,0.11,fallback
EXP-GDGKXCQ9,Retail,US,2,1886032.62,0.5055,0.0554,0.1116,0.0985,fallback
EXP-1NLC8JPR,Corporate,FR,2,3851703.74,0.3294,0.0213,0.0265,0.0775,fallback
EXP-X6ZDCUJQ,Corporate,ES,1,2465365.9,0.2575,0.0638,0.0791,0.0957,fallback
EXP-6US7RP42,Retail,US,1,4665139.68,0.4658,0.0287,0.0777,0.0878,fallback
EXP-T9MKB9XN,Retail,US,1,1928275.13,0.4757,0.0646,0.0731,0.0556,fallback
EXP-8XKODYR5,SME,ES,3,3804660.87,0.316,0.0242,0.063,0.0633,fallback
EXP-CTLT4Q9B,Retail,DE,1,973532.67,0.4879,0.0515,0.0857,0.1051,fallback
EXP-75T0IC0R,Retail,DE,2,2033484.2,0.2847,0.0558,0.0924,0.1135,fallback
EXP-BL2QGV3D,Corporate,ES,2,238550.45,0.4805,0.0191,0.0312,0.1059,fallback
EXP-0OEYTL8H,Retail,DE,2,324919.46,0.2811,0.0336,0.0921,0.0621,fallback
EXP-TP7BD4W1,Retail,DE,2,612519.99,0.2565,0.0391,0.0878,0.0557,fallback
EXP-O31YHXSO,Retail,FR,2,905270.15,0.2357,0.0556,0.1177,0.0984,fallback
EXP-2MAIETDN,Corporate,US,2,908202.33,0.4,0.0765,0.1204,0.0855,fallback
EXP-2Y8RGYBX,SME,IT,1,3853953.1,0.4637,0.0293,0.0429,0.0804,fallback
EXP-BTFBSCIQ,SME,CN,1,3087928.56,0.556,0.0417,0.049,0.0793,fallback
EXP-D05NHQR6,Corporate,FR,1,3387494.2,0.3303,0.0645,0.0873,0.115,fallback
EXP-MJMBUKDQ,SME,ES,1,898523.22,0.3494,0.042,0.0556,0.1032,fallback
EXP-WG84D4R9,Retail,CN,2,4433180.77,0.4415,0.0653,0.11,0.1086,fallback
EXP-PI7866PB,SME,ES,3,82374.25,0.3712,0.0711,0.0884,0.1038,fallback
EXP-DRC1YOHM,Retail,FR,3,2134231.24,0.3577,0.0667,0.1155,0.1199,fallback
EXP-0AQ15O2N,Retail,ES,3,2404116.93,0.3219,0.0592,0.1193,0.0943,fallback
EXP-PJ8T22C5,Corporate,UK,1,362785.97,0.5574,0.0333,0.0356,0.086,fallback
EXP-BNXZU1EM,Corporate,CN,1,1826312.71,0.2206,0.0368,0.0694,0.0954,fallback
EXP-0IMJYJCM,Corporate,ES,2,4696348.18,0.432,0.0771,0.0918,0.0869,fallback
EXP-QNYY95G5,Retail,DE,1,2356117.61,0.4128,0.0678,0.1308,0.0773,fallback
EXP-ZR5SWK8T,Retail,FR,2,1448979.71,0.5827,0.0177,0.037,0.0743,fallback
EXP-24SMUX2R,SME,UK,3,3691169.13,0.2086,0.0232,0.0247,0.0871,fallback
EXP-GJR81BMQ,Corporate,FR,2,2231828.96,0.3216,0.0192,0.0745,0.1147,fallback
EXP-62FE9UPN,Corporate,FR,2,2681230.26,0.2729,0.0223,0.0719,0.0995,fallback
EXP-FK7ORFQL,Corporate,DE,3,1591549.38,0.3375,0.0361,0.0739,0.0882,fallback
EXP-79UFU6PY,Corporate,UK,2,1663090.42,0.4822,0.0432,0.0635,0.113,fallback
EXP-HMLVHS21,Retail,FR,1,3393261.6,0.2468,0.0117,0.0549,0.0559,fallback
EXP-RVSCYOZP,SME,ES,1,3388546.31,0.583,0.0783,0.1059,0.0509,fallback
EXP-0P92K38P,SME,ES,1,1763261.62,0.591,0.0712,0.0773,0.1085,fallback
EXP-9C81DO6O,Corporate,CN,2,439529.09,0.2831,0.0432,0.1039,0.0997,fallback
EXP-3KVR0I2F,Retail,IT,3,1004295.23,0.5329,0.0303,0.0646,0.1084,fallback
EXP-6XB1R8VN,SME,ES,2,629642.85,0.4664,0.0301,0.0427,0.0805,fallback
EXP-SU4FCL5E,SME,FR,1,3143700.28,0.3904,0.0586,0.067,0.0691,fallback
EXP-XCGW1VGL,SME,IT,3,3184873.2,0.5821,0.0134,0.0338,0.106,fallback
EXP-3ASNRM6D,SME,FR,2,3430364.16,0.4753,0.0167,0.0573,0.0655,fallback
EXP-4ZZ2P6EE,Retail,DE,2,3977582.62,0.4235,0.0583,0.125,0.0744,fallback
EXP-1MZB3I4F,Corporate,FR,1,1819217.14,0.5268,0.0723,0.1141,0.0588,fallback
EXP-ARPHBXVQ,Retail,IT,1,4905736.74,0.3699,0.0634,0.0712,0.0546,fallback
EXP-VHYBF0JU,Corporate,IT,1,61259.26,0.2386,0.0187,0.0608,0.1099,fallback
EXP-1TZ8G1A0,Corporate,FR,2,3068652.58,0.402,0.0148,0.0722,0.1096,fallback
EXP-GMNHIE9E,SME,DE,2,1838650.5,0.4358,0.0408,0.1078,0.0595,fallback
EXP-EKVL9PTK,SME,US,2,3526607.27,0.4229,0.0128,0.0358,0.0632,fallback
EXP-AYYOSYEO,Retail,UK,2,4474825.69,0.521,0.0757,0.1014,0.1184,fallback
EXP-MV9E40KZ,Corporate,CN,2,4627198.67,0.5911,0.0145,0.0828,0.0691,fallback
EXP-9SFQERI7,Corporate,DE,1,4716693.04,0.3424,0.0567,0.1232,0.1016,fallback
EXP-LKW1XSRQ,Retail,IT,3,2495693.19,0.2107,0.0225,0.0648,0.0849,fallback
EXP-8BP6NLNQ,Corporate,DE,1,1315709.72,0.3374,0.0702,0.1085,0.089,fallback
EXP-O1URTTQU,SME,FR,2,4424654.14,0.2657,0.0401,0.062,0.0539,fallback
EXP-9LBB4M0A,SME,UK,1,2478508.74,0.5883,0.0532,0.0779,0.0766,fallback
EXP-IXV6CKMA,SME,IT,1,1732263.71,0.3429,0.0346,0.0809,0.0823,fallback
EXP-V9NOU3DY,SME,IT,2,2844566.53,0.5606,0.0287,0.0774,0.0852,fallback
EXP-R424TKB9,Corporate,ES,1,1704301.73,0.4459,0.0354,0.0659,0.0937,fallback
EXP-UTPMC3SK,Retail,UK,2,3591357.15,0.4313,0.0514,0.0705,0.0719,fallback
EXP-GAZ5UH80,SME,ES,1,2017481.77,0.45,0.0417,0.0951,0.1156,fallback
EXP-0CHQI014,Corporate,ES,1,4046578.06,0.5411,0.0735,0.1389,0.1102,fallback
EXP-FYIIFA2L,Retail,ES,2,3173298.17,0.5384,0.0287,0.0488,0.1194,fallback
EXP-J2XG48RA,SME,US,1,3238141.04,0.2148,0.0212,0.0308,0.072,fallback
EXP-XD70FE07,SME,CN,3,4337187.18,0.5602,0.0385,0.0639,0.108,fallback
EXP-3LVO0IPF,Corporate,FR,1,1266522.21,0.5538,0.0267,0.0353,0.1179,fallback
EXP-ZETRIJ2F,SME,ES,3,2047794.02,0.5452,0.0139,0.0512,0.0757,fallback
EXP-X7Y2ITL8,SME,IT,3,115160.31,0.5867,0.0524,0.1113,0.0585,fallback
EXP-9JD3IH66,Retail,UK,1,4289659.22,0.3554,0.0737,0.1012,0.1116,fallback
EXP-7QO4Z533,Corporate,UK,1,2037381.19,0.2136,0.0707,0.1283,0.0854,fallback
EXP-Z1XGPXAH,SME,IT,1,2110143.96,0.4917,0.0483,0.0712,0.0903,fallback
EXP-14Y2LR0J,Retail,UK,2,797533.97,0.4065,0.0779,0.136,0.1079,fallback
EXP-85I87XW6,SME,ES,1,1001331.96,0.3658,0.0227,0.084,0.0683,fallback
EXP-8GUAS173,Retail,ES,1,258416.99,0.4472,0.052,0.0624,0.0657,fallback
EXP-RE4V9KYP,Retail,ES,1,960815.38,0.5448,0.0647,0.0849,0.052,fallback
EXP-XDQ59OHN,SME,ES,3,1185073.27,0.3804,0.0274,0.0682,0.0918,fallback
EXP-6978V0BJ,Retail,CN,2,485444.32,0.2235,0.0333,0.0497,0.0712,fallback
EXP-GGRMQDZP,SME,IT,1,3359597.49,0.2529,0.0725,0.0754,0.0719,fallback
EXP-P6J37SPF,Retail,UK,2,2501060.98,0.5893,0.0297,0.0549,0.1035,fallback
EXP-GBGQFQE6,Retail,ES,1,2782816.79,0.5691,0.0546,0.0854,0.0809,fallback
EXP-FMHK403U,Corporate,UK,2,2808664.06,0.3831,0.0179,0.0683,0.0649,fallback
EXP-1Y5AYYOV,Retail,DE,1,2634816.88,0.4283,0.0391,0.0445,0.0608,fallback
EXP-JXLBWQ89,Retail,US,2,2306563.57,0.4831,0.0436,0.0876,0.0591,fallback
EXP-TVDJI1OA,Retail,FR,1,4009774.23,0.3132,0.0659,0.118,0.0772,fallback
EXP-RP3LYEX3,SME,CN,1,1431830.09,0.501,0.0558,0.0642,0.0843,fallback
EXP-3WPPBMQI,SME,UK,3,2387434.04,0.4252,0.0396,0.0926,0.0609,fallback
EXP-C2K9YKIP,SME,CN,1,2641120.77,0.4589,0.0159,0.0487,0.0886,fallback
EXP-Z3MV1A0Q,Retail,US,1,2571938.44,0.4043,0.0389,0.0714,0.109,fallback
EXP-QYWJ85GG,Retail,UK,2,425619.92,0.5507,0.0308,0.0719,0.0682,fallback
EXP-GRY58VRW,Corporate,CN,1,540589.99,0.4138,0.0104,0.0186,0.0983,fallback
EXP-G3ZGARFI,Corporate,US,3,3378760.42,0.5219,0.0161,0.0256,0.1101,fallback
EXP-AFFZ8Q4V,Corporate,FR,1,962663.12,0.3204,0.0424,0.0756,0.0899,fallback
EXP-940VTKRR,SME,CN,3,264101.68,0.2031,0.0541,0.104,0.0928,fallback
EXP-AUTJX6EW,Corporate,UK,1,4526314.98,0.5471,0.0262,0.0304,0.0814,fallback
EXP-IH6MV4XE,SME,IT,3,113826.55,0.3152,0.0235,0.0476,0.0998,fallback
EXP-24WK0YEH,SME,CN,2,4167072.92,0.4692,0.0614,0.1171,0.0571,fallback
EXP-9MJYG4S3,SME,IT,2,4715842.94,0.3975,0.0264,0.0654,0.058,fallback
EXP-MB5JFYSY,Retail,UK,1,612233.28,0.2896,0.028,0.0518,0.1149,fallback
EXP-2V4DUSGE,SME,FR,1,3996944.56,0.5851,0.0629,0.1311,0.061,fallback
EXP-FN3EH81A,SME,US,2,3543735.17,0.5048,0.0449,0.1058,0.0739,fallback
EXP-WI1T2EP7,Corporate,ES,2,864596.36,0.3064,0.0601,0.0892,0.1056,fallback
EXP-SCMO1POB,SME,UK,1,4719263.88,0.377,0.0639,0.1141,0.1132,fallback
EXP-9P5Z5ZLM,Retail,US,1,4888887.55,0.592,0.0659,0.1272,0.113,fallback
EXP-T2XZ52OH,Corporate,IT,1,4603048.45,0.4801,0.0412,0.0556,0.0526,fallback
EXP-THSLMWA6,SME,CN,2,1956067.76,0.4876,0.0716,0.108,0.0681,fallback
EXP-NWMBXEK0,SME,ES,1,3635281.14,0.5948,0.0177,0.0219,0.1188,fallback
EXP-TVMK2ZYZ,Corporate,CN,3,4945110.39,0.4262,0.0726,0.1165,0.0673,fallback
EXP-FPODPEHC,SME,UK,2,2587094.61,0.277,0.0645,0.0963,0.0782,fallback
EXP-PP7R93FE,Corporate,UK,2,2599535.55,0.3579,0.0285,0.0634,0.0591,fallback
EXP-BFU7E4DN,Corporate,IT,1,2570795.57,0.4117,0.0586,0.0905,0.0866,fallback
EXP-2FVB66H3,Retail,ES,1,1863622.1,0.5964,0.0312,0.0652,0.0586,fallback
EXP-QMN44EEW,SME,US,2,347147.05,0.2179,0.0437,0.0654,0.0967,fallback
EXP-OIOT860X,Retail,US,1,4333064.31,0.3301,0.066,0.1125,0.0995,fallback
EXP-XD8T18S1,Corporate,CN,1,3154244.97,0.5086,0.0316,0.0768,0.0584,fallback
EXP-Z5P3VOB5,Corporate,DE,1,906919.57,0.2076,0.0651,0.0823,0.0806,fallback
EXP-9TKG1F8Y,SME,DE,2,130044.13,0.4112,0.0367,0.0431,0.1173,fallback
EXP-OLN3EH1V,Retail,ES,2,145584.25,0.2234,0.0373,0.0597,0.1027,fallback
EXP-CBW6ATVD,SME,US,2,4747291.71,0.3077,0.0323,0.071,0.0956,fallback
EXP-H8N92TP6,Retail,ES,1,1530018.08,0.3627,0.0159,0.0604,0.0501,fallback
EXP-C7JJY94H,SME,US,2,4805961.07,0.4483,0.0557,0.0674,0.0697,fallback
EXP-EFUKPV8L,Retail,UK,1,3698522.9,0.4252,0.031,0.0587,0.0945,fallback
EXP-QVAYXAR6,Corporate,UK,1,2269063.22,0.2984,0.0788,0.1027,0.0789,fallback
EXP-XCB3YYM3,Corporate,US,2,3519465.38,0.505,0.0477,0.1028,0.0751,fallback
EXP-NGA01YZG,Retail,US,2,4197337.51,0.5247,0.0789,0.0876,0.0938,fallback
EXP-RZVA9WDJ,Corporate,CN,2,1113526.93,0.592,0.0777,0.0803,0.0619,fallback
EXP-CECJUIS2,Retail,FR,3,3302593.72,0.4263,0.0578,0.0974,0.0516,fallback
EXP-APYX4L4O,Corporate,DE,3,3391894.96,0.4458,0.0576,0.1194,0.0863,fallback
EXP-KPQAHCUA,SME,UK,1,1813744.5,0.5036,0.0719,0.0876,0.1185,fallback
EXP-CWBPA274,SME,FR,1,4789300.66,0.5668,0.0238,0.0468,0.0832,fallback
EXP-CVPDQE97,SME,ES,1,4164262.39,0.5287,0.0464,0.063,0.1123,fallback
EXP-KWCYUKND,Corporate,US,2,334490.81,0.251,0.0743,0.1052,0.0663,fallback
EXP-PWDXYASV,Corporate,DE,1,3939499.29,0.4496,0.0417,0.0742,0.0509,fallback
EXP-WJP0QI2C,Corporate,IT,2,347046.92,0.5158,0.0236,0.0637,0.0805,fallback
EXP-FLMNAVYC,Corporate,CN,2,3774324.44,0.3245,0.072,0.1263,0.1101,fallback
EXP-CGRYQY4U,SME,IT,2,1725642.35,0.5906,0.0548,0.0689,0.071,fallback
EXP-HAIIWI08,SME,IT,3,819777.13,0.3817,0.0652,0.0682,0.0763,fallback
EXP-BEKGV1BB,SME,FR,1,929380.12,0.596,0.0354,0.0406,0.0622,fallback
EXP-A46AYN2D,SME,FR,1,3596995.0,0.3359,0.0488,0.0613,0.0819,fallback
EXP-955CF72G,SME,ES,3,4049343.97,0.4644,0.0759,0.1443,0.0762,fallback
EXP-V4KFIWKE,Corporate,CN,2,2153405.42,0.4545,0.0745,0.1279,0.112,fallback
EXP-GN51NSGZ,Retail,CN,3,3639219.73,0.5139,0.0654,0.1084,0.0838,fallback
EXP-XH6QIHPN,SME,FR,1,2374053.2,0.4325,0.0547,0.11,0.0678,fallback
EXP-VQWPQO2L,Retail,ES,1,680308.27,0.2336,0.0411,0.0657,0.0626,fallback
EXP-STCJIEMT,Retail,IT,1,1335468.14,0.2304,0.0731,0.0937,0.0973,fallback
EXP-Z99106AK,SME,US,1,1520550.76,0.5262,0.0578,0.077,0.1048,fallback
EXP-X985I0HI,SME,CN,2,4729616.89,0.5287,0.063,0.0638,0.103,fallback
EXP-P7PP4BF5,Corporate,IT,3,4073844.58,0.3363,0.016,0.0752,0.0507,fallback
EXP-O2TLA27F,Corporate,IT,2,4173151.42,0.3359,0.0393,0.0873,0.0941,fallback
EXP-8CNRL8XK,Corporate,FR,1,4569623.45,0.4296,0.0374,0.0641,0.0972,fallback
EXP-C8KIXCCS,Retail,FR,1,169975.18,0.4756,0.0442,0.0573,0.1102,fallback
EXP-0O6H5L3X,SME,FR,2,1961615.31,0.5958,0.019,0.0483,0.0903,fallback
EXP-AFCO3S65,SME,ES,2,2941584.85,0.401,0.0579,0.0772,0.0903,fallback
EXP-42O34OGW,Corporate,ES,2,464602.36,0.4585,0.0743,0.0986,0.0769,fallback
EXP-I5JWK6Z0,Corporate,FR,2,925387.15,0.4274,0.0375,0.1037,0.0788,fallback
EXP-2OFHBAWY,Corporate,ES,2,614940.82,0.3475,0.0629,0.0982,0.0741,fallback
EXP-7L0RCTI8,SME,FR,2,4280307.99,0.3587,0.0108,0.0188,0.1074,fallback
EXP-TOC1YFMH,Retail,DE,3,861239.59,0.2072,0.017,0.0376,0.0873,fallback
EXP-Z6OLBA11,SME,FR,1,3486744.39,0.5346,0.0668,0.1117,0.1136,fallback
EXP-GYH523GG,Retail,ES,2,466018.29,0.3687,0.0793,0.1029,0.0575,fallback
EXP-OPIDLAXA,SME,FR,2,1620171.08,0.4507,0.0537,0.1191,0.0654,fallback
EXP-HKV9DT94,Corporate,FR,1,4077273.61,0.46,0.0358,0.0405,0.1171,fallback
EXP-1EG1Y9XC,Corporate,DE,2,1628527.91,0.4523,0.0372,0.1019,0.1138,fallback
EXP-9IW6L01W,SME,DE,1,1918033.28,0.4562,0.0263,0.0674,0.0762,fallback
EXP-09P5EL2B,SME,US,2,1018038.82,0.3503,0.0549,0.0716,0.0954,fallback
EXP-HB792ZI5,SME,CN,1,3755249.05,0.2916,0.0613,0.0853,0.0628,fallback
EXP-WFHDV37I,Corporate,DE,2,40152.87,0.5479,0.0149,0.0284,0.1007,fallback
EXP-KU8H5R8M,SME,ES,1,829152.47,0.279,0.0397,0.0821,0.0829,fallback
EXP-2AN417VF,SME,UK,1,2531409.85,0.494,0.0632,0.1206,0.068,fallback
EXP-LZH6A50N,SME,ES,2,1536177.94,0.3133,0.0493,0.083,0.1158,fallback
EXP-OB7NUGPJ,Corporate,US,3,1871993.04,0.3958,0.0549,0.0961,0.0744,fallback
EXP-70IB3WYZ,Corporate,UK,1,2448223.0,0.4754,0.0588,0.1044,0.0683,fallback
EXP-XFEDZNZ9,SME,DE,2,4721883.46,0.2589,0.0273,0.0678,0.1137,fallback
EXP-T5V0175D,SME,CN,1,837459.8,0.3707,0.0584,0.0934,0.107,fallback
EXP-93ACZSX0,SME,FR,1,3746163.06,0.572,0.0379,0.0595,0.0762,fallback
EXP-UHH03G95,Corporate,ES,3,680316.99,0.3946,0.0452,0.0529,0.1139,fallback
EXP-JMVRYDC1,Retail,DE,3,4343126.34,0.2665,0.0305,0.0569,0.0908,fallback
EXP-917RMPN6,Retail,IT,1,493240.84,0.4089,0.0105,0.0527,0.1159,fallback
EXP-3A5O47AE,Corporate,CN,1,1998372.04,0.4443,0.0783,0.1394,0.1166,fallback
EXP-OG983AMB,Retail,US,3,1848465.18,0.4473,0.0561,0.0894,0.0728,fallback
EXP-M77RXZDN,SME,CN,1,1175457.67,0.3938,0.0617,0.1173,0.0998,fallback
EXP-RD399Q68,Corporate,ES,3,4382407.69,0.5139,0.0602,0.0624,0.0878,fallback
EXP-PZF761HJ,Retail,ES,3,1066087.7,0.5013,0.0562,0.0625,0.0586,fallback
EXP-LIU7CM60,Retail,UK,2,4614453.57,0.4534,0.0444,0.1001,0.0958,fallback
EXP-KEMVG7UE,Corporate,IT,2,4831577.51,0.3748,0.0263,0.0444,0.0904,fallback
EXP-P127EXVD,Retail,DE,2,1560886.58,0.436,0.0233,0.0505,0.1097,fallback
EXP-QVFX2ZVL,SME,UK,1,732056.93,0.5772,0.0686,0.1036,0.0691,fallback
EXP-8C3FZ47I,Corporate,UK,1,2874120.05,0.4524,0.0251,0.0455,0.1146,fallback
EXP-6FAOPRMO,Retail,DE,2,4285326.2,0.491,0.0309,0.088,0.1009,fallback
EXP-E1U24ZQF,SME,FR,2,3484917.82,0.278,0.0699,0.0975,0.0987,fallback
EXP-XN4D24N9,SME,UK,1,4487118.25,0.2839,0.0663,0.08,0.1148,fallback
EXP-SMPF0IEO,Retail,IT,3,1784363.43,0.3896,0.0762,0.0844,0.0917,fallback
EXP-X15XJXNE,Retail,DE,1,3267456.86,0.3501,0.0584,0.1141,0.0842,fallback
EXP-RYDVN9ZK,Corporate,FR,1,4543307.47,0.29,0.0511,0.1202,0.0728,fallback
EXP-AUT3RSVZ,Corporate,US,3,4545313.81,0.5181,0.0229,0.0798,0.0587,fallback
EXP-GT2EEHFU,Retail,US,1,4828748.41,0.559,0.0226,0.0645,0.0559,fallback
EXP-8AK8S2XQ,Retail,CN,2,2535680.07,0.3454,0.0481,0.0777,0.0987,fallback
EXP-YXBBF4HE,Corporate,CN,1,4554807.95,0.5987,0.0524,0.0881,0.0914,fallback
EXP-N6OCJPZT,SME,DE,3,651175.65,0.4489,0.0152,0.033,0.1013,fallback
EXP-3VPF9PAV,Corporate,DE,1,3487046.64,0.2771,0.036,0.082,0.0587,fallback
EXP-62F2JD9I,Retail,DE,1,3423056.44,0.3627,0.0331,0.0393,0.0623,fallback
EXP-MUKJDBL1,Corporate,FR,1,4378804.5,0.4355,0.0665,0.0732,0.1064,fallback
EXP-REASFEN0,Corporate,DE,3,4840321.42,0.4127,0.0516,0.1111,0.0947,fallback
EXP-G92SJP75,SME,US,1,3540437.05,0.2996,0.0526,0.1021,0.0714,fallback
EXP-C08FC0TR,Retail,US,1,4737798.7,0.3626,0.0319,0.0382,0.1174,fallback
EXP-YYTEAG3A,SME,ES,3,3388394.98,0.573,0.0195,0.0543,0.0874,fallback
EXP-5TVV8Y5S,SME,FR,1,1228688.97,0.4956,0.0766,0.1342,0.0553,fallback
EXP-NE6IT1EK,Retail,IT,1,2573285.58,0.581,0.0396,0.0661,0.0649,fallback
EXP-8S6764CA,Corporate,ES,1,3159570.5,0.3574,0.0746,0.1396,0.0709,fallback
EXP-DRDSFERF,Retail,UK,1,35720.51,0.5561,0.023,0.0478,0.0658,fallback
EXP-J9XPF0A5,SME,UK,1,1877804.24,0.3458,0.0725,0.11,0.0577,fallback
EXP-FHRXJPT2,SME,UK,1,210878.97,0.3578,0.0621,0.1252,0.0727,fallback
EXP-DDAFS1IY,SME,IT,2,2514274.33,0.5694,0.069,0.0962,0.1184,fallback
EXP-PW0GKEJZ,Corporate,UK,2,50064.16,0.3921,0.0298,0.0356,0.0639,fallback
EXP-G4WFEOJG,Corporate,FR,2,3915757.44,0.2412,0.0611,0.1039,0.0512,fallback
EXP-WIMRSXKJ,Retail,IT,1,463767.8,0.2204,0.0385,0.06,0.0998,fallback
EXP-0HQ6DG8N,Retail,IT,1,1606006.02,0.219,0.0129,0.0165,0.0568,fallback
EXP-30VVIJVD,Retail,DE,1,3417977.95,0.5082,0.0191,0.0443,0.0941,fallback
EXP-GZ7CTM09,Corporate,FR,2,610568.19,0.4346,0.0739,0.1197,0.1005,fallback
EXP-14UMNWEP,Retail,ES,2,647881.4,0.3673,0.0598,0.1222,0.0867,fallback
EXP-K8C9G3RT,Corporate,CN,1,3956517.01,0.2668,0.0292,0.0969,0.0616,fallback
EXP-GFHZ52QZ,Corporate,CN,1,1926910.6,0.5117,0.0381,0.0571,0.0712,fallback
EXP-TKX7JE5B,Retail,FR,1,1488854.8,0.3074,0.0183,0.034,0.0874,fallback
EXP-85JE6K9W,Retail,DE,1,3246741.05,0.4531,0.0781,0.1008,0.0653,fallback
EXP-22D0NX5W,SME,CN,1,891908.84,0.5886,0.0476,0.1161,0.1072,fallback
EXP-OQ0PFRRQ,Retail,US,1,1628072.52,0.2816,0.0541,0.1142,0.0632,fallback
EXP-53YGFPQX,SME,ES,1,4717341.74,0.2722,0.0297,0.0514,0.1007,fallback
EXP-A31XBIDF,Retail,UK,2,3636555.48,0.5232,0.0522,0.0787,0.0509,fallback
EXP-ZHRUPFLF,Retail,DE,2,4788512.28,0.2425,0.0615,0.0852,0.0984,fallback
EXP-D5OAIINM,Corporate,IT,1,2722628.4,0.2085,0.0131,0.0512,0.1145,fallback
EXP-GDD8MWE7,Corporate,DE,1,1929871.6,0.5537,0.0676,0.0755,0.0923,fallback
EXP-6YWK5JRN,Retail,IT,3,2148855.74,0.3339,0.0227,0.0525,0.1059,fallback
EXP-FQ293EP0,Retail,FR,1,4309952.74,0.5912,0.0644,0.0747,0.0726,fallback
EXP-YO2M2XIP,Retail,ES,2,917542.96,0.354,0.0324,0.0621,0.0874,fallback
EXP-S13HDNH4,Corporate,IT,2,2685700.69,0.292,0.0159,0.0659,0.0832,fallback
EXP-53KF486I,Retail,US,1,4605311.46,0.2238,0.0345,0.0939,0.0539,fallback
EXP-ZPBDURVF,Retail,FR,1,595006.69,0.4783,0.02,0.0713,0.0599,fallback
EXP-G00ZKOM2,Retail,UK,1,394555.83,0.4277,0.067,0.0775,0.0701,fallback
EXP-FOP8QZJU,Retail,IT,3,309403.99,0.457,0.0523,0.0645,0.0659,fallback
EXP-0OCO39VC,Retail,UK,2,1366419.76,0.2368,0.0364,0.103,0.0834,fallback
EXP-XHDCV4BK,Corporate,CN,1,3213035.26,0.5309,0.0215,0.0777,0.0546,fallback
EXP-7IDUB9RB,Corporate,DE,1,64775.3,0.5639,0.0231,0.0372,0.0506,fallback
EXP-OMEYL6SS,SME,US,1,3760880.36,0.5835,0.045,0.067,0.0517,fallback
EXP-YCW8IHYF,SME,UK,1,2389995.64,0.5475,0.0126,0.0239,0.1195,fallback
EXP-M2MM4P61,Corporate,ES,1,2586340.98,0.4915,0.0556,0.1207,0.0646,fallback
EXP-DA1L526R,Corporate,ES,1,3038316.45,0.5832,0.0497,0.1193,0.0619,fallback
EXP-G1JRJ5XF,SME,DE,2,815747.7,0.312,0.0354,0.0416,0.0842,fallback
EXP-EN48NYSJ,SME,UK,1,4296426.24,0.3604,0.07,0.1342,0.0934,fallback
EXP-FDNU4I5Y,Corporate,IT,2,294722.79,0.5162,0.059,0.0983,0.0828,fallback
EXP-771HLL9R,Corporate,UK,3,4501631.31,0.3859,0.016,0.0672,0.0833,fallback
EXP-HU91C329,SME,FR,1,2278347.44,0.418,0.0764,0.0866,0.0648,fallback
EXP-DCOKZ5SY,Retail,IT,1,4763698.6,0.4735,0.0289,0.0734,0.1081,fallback
EXP-H7RT28P6,Retail,CN,2,4475833.37,0.3714,0.0774,0.0982,0.1076,fallback
EXP-WL9700LF,Corporate,ES,1,3917531.15,0.4389,0.0154,0.0622,0.085,fallback
EXP-AQ3EQ8DH,SME,FR,2,576898.31,0.588,0.0384,0.0748,0.0988,fallback
EXP-Y8NNKL3E,Retail,ES,3,3008707.36,0.2865,0.0247,0.0381,0.1199,fallback
EXP-1EGPGVTN,SME,US,3,2057830.19,0.3409,0.048,0.0846,0.0982,fallback
EXP-DD4DA7D0,SME,CN,2,3174195.1,0.4808,0.0757,0.1391,0.057,fallback
EXP-H1TE48M2,SME,ES,2,2521773.98,0.5223,0.0567,0.1163,0.1136,fallback
EXP-IK5J42OI,Corporate,ES,1,3522136.43,0.4965,0.0105,0.0367,0.0511,fallback
EXP-LGUPUOWO,Retail,DE,2,3954645.54,0.5363,0.0463,0.0982,0.08,fallback
EXP-FIZEEUO1,Corporate,IT,2,1958154.37,0.4912,0.0382,0.0605,0.0611,fallback
EXP-VBZ7CN0E,SME,ES,3,1026775.26,0.2373,0.0406,0.0846,0.0942,fallback
EXP-403NJBCF,SME,DE,3,940910.3,0.461,0.0255,0.0391,0.1189,fallback
EXP-JGC46HD2,Retail,ES,1,563548.28,0.5709,0.0186,0.0285,0.0841,fallback
EXP-63GAGUVB,Corporate,IT,1,390800.3,0.4749,0.0363,0.0583,0.0839,fallback
EXP-EVTS1HN6,Corporate,DE,1,3003964.41,0.202,0.0465,0.0643,0.0597,fallback
EXP-8MTK0RSO,Retail,FR,1,3641442.06,0.5759,0.0287,0.0624,0.0621,fallback
EXP-2VFHZPQV,Corporate,IT,1,4231718.53,0.487,0.0773,0.0845,0.0936,fallback
EXP-3Q68JOV5,Corporate,CN,1,1921398.78,0.2799,0.0347,0.0976,0.0779,fallback
EXP-CXN2ELAL,Retail,ES,2,907722.14,0.3291,0.0654,0.0904,0.1057,fallback
EXP-DKV54C6P,Retail,US,2,2812586.51,0.3542,0.0521,0.089,0.0722,fallback
EXP-JEQVVIAA,SME,US,2,998770.56,0.2199,0.0446,0.0479,0.1192,fallback
EXP-7BXCD20J,SME,US,1,1428985.44,0.5367,0.0382,0.1009,0.078,fallback
EXP-9RX647DI,Corporate,US,1,3875321.04,0.3975,0.0133,0.0342,0.0597,fallback
EXP-033TAYB5,SME,DE,1,4308329.96,0.4897,0.0258,0.032,0.0534,fallback
EXP-JGEQE515,SME,ES,3,384460.45,0.3317,0.0529,0.1098,0.0813,fallback
EXP-K1RD1ZM4,Retail,FR,3,2613600.87,0.2962,0.0435,0.0778,0.0953,fallback
EXP-YQNRM31S,Retail,IT,1,3477875.67,0.2301,0.0446,0.0595,0.0996,fallback
EXP-N95S2GKF,Corporate,IT,2,778454.64,0.4018,0.074,0.0893,0.0954,fallback
EXP-QJRTMETM,Retail,FR,1,2310161.07,0.2429,0.0177,0.0189,0.0778,fallback
EXP-X0PKOVTR,SME,ES,1,2544554.85,0.2213,0.0291,0.0359,0.0977,fallback
EXP-UITJ5ZOO,Corporate,FR,3,1252231.78,0.2444,0.0181,0.0808,0.1077,fallback
EXP-KV0DSZRK,Corporate,UK,1,1348652.08,0.2823,0.065,0.0893,0.0619,fallback
EXP-ARMGJCY4,Corporate,CN,1,356578.62,0.2749,0.073,0.0829,0.1179,fallback
EXP-AYKIS11D,Corporate,US,3,15022.3,0.5493,0.0431,0.0463,0.0735,fallback
EXP-NAMZ6146,SME,CN,2,3676726.87,0.5959,0.028,0.0621,0.0579,fallback
EXP-H9MBUZPH,Corporate,DE,1,2601351.41,0.4559,0.0204,0.0491,0.1144,fallback
EXP-6Q8SJY5O,SME,ES,1,3197281.43,0.5862,0.0714,0.1189,0.0717,fallback
EXP-2U2MDA7F,Retail,UK,1,2901788.99,0.4807,0.0684,0.077,0.0866,fallback
EXP-2ABKVBLP,SME,UK,1,3122737.72,0.4657,0.0313,0.0515,0.0535,fallback
EXP-1FDJ9HVC,Retail,FR,1,1757589.0,0.3133,0.0701,0.1167,0.0831,fallback
EXP-667VGP52,SME,FR,3,1251155.24,0.4714,0.037,0.0649,0.1037,fallback
EXP-UWTN5PEP,SME,IT,2,687096.85,0.4217,0.0311,0.0371,0.1154,fallback
EXP-Q6A1DF62,Corporate,CN,2,1794219.37,0.3417,0.0427,0.11,0.0761,fallback
EXP-OOA35QBB,Corporate,US,3,2720915.06,0.4262,0.0305,0.0834,0.0575,fallback
EXP-C0Y0BHF0,Corporate,ES,1,496021.32,0.3162,0.0437,0.0669,0.0656,fallback
EXP-73WHCF5S,Corporate,FR,1,3201943.96,0.2619,0.054,0.1043,0.0573,fallback
EXP-O934T3Y4,Retail,CN,1,4165305.0,0.3775,0.0139,0.0224,0.0803,fallback
EXP-SZHRKDVN,Corporate,IT,2,118072.81,0.2567,0.0621,0.0789,0.077,fallback
EXP-EOUBXXQ6,Retail,IT,1,2325178.85,0.5254,0.0204,0.0402,0.0828,fallback
EXP-4H6SSGFX,Corporate,CN,1,2297167.38,0.2036,0.0211,0.0561,0.0822,fallback
EXP-6XNQXU71,Retail,CN,1,1398917.32,0.505,0.0312,0.0588,0.0591,fallback
EXP-CB0IXRYL,SME,FR,3,2948371.98,0.4323,0.0509,0.109,0.1057,fallback
EXP-PCWE4C1V,Retail,US,1,4499973.6,0.2696,0.0725,0.1254,0.1146,fallback
EXP-UHRYI0PT,SME,US,1,547228.42,0.3798,0.0193,0.0639,0.056,fallback
EXP-6MOTCG06,Retail,UK,2,3149287.16,0.4675,0.0242,0.0809,0.0847,fallback
EXP-UECPNCC2,Retail,IT,1,2856146.65,0.3895,0.0346,0.0779,0.0583,fallback
EXP-K3OM5FKT,Retail,FR,2,266880.25,0.4162,0.0116,0.0691,0.1152,fallback
EXP-U79XBPH5,Corporate,DE,1,1568074.22,0.4475,0.0482,0.1106,0.0643,fallback
EXP-R3UV43MC,Corporate,ES,2,1654749.76,0.5029,0.0739,0.0783,0.1018,fallback
EXP-DRIMR25I,Retail,DE,1,4438717.98,0.3915,0.0191,0.0697,0.1042,fallback
EXP-TB1ZPPEP,Retail,CN,1,2675587.45,0.5441,0.0577,0.1094,0.0746,fallback
EXP-I052U9AZ,SME,US,1,2188258.9,0.2232,0.0262,0.0674,0.0554,fallback
EXP-69EOXXC7,Retail,FR,2,2198393.85,0.313,0.032,0.0742,0.0994,fallback
EXP-NT5I6LTD,SME,IT,2,4489224.48,0.5435,0.041,0.0622,0.0994,fallback
EXP-SKTE02BI,Corporate,ES,3,2436176.4,0.2314,0.0738,0.1327,0.1035,fallback
EXP-K8C4NANP,Retail,FR,1,116235.36,0.5345,0.0289,0.0701,0.0766,fallback
EXP-MAV6763V,Corporate,US,1,2161113.97,0.2209,0.0314,0.0693,0.0739,fallback
EXP-CDNZY47Q,Corporate,CN,3,2176039.29,0.371,0.061,0.1125,0.0898,fallback
EXP-I6KYJ91K,Corporate,CN,2,1307902.54,0.5841,0.0427,0.1122,0.0527,fallback
EXP-VEULJGQP,SME,ES,1,1814857.39,0.4637,0.0648,0.1215,0.1176,fallback
EXP-C6T8PJ2J,SME,ES,1,3192338.07,0.4226,0.0386,0.0792,0.0659,fallback
EXP-BY4UBZCZ,Retail,IT,1,743039.91,0.4472,0.0135,0.0215,0.0511,fallback
EXP-SECHU3YC,SME,ES,1,2706802.36,0.2179,0.0264,0.034,0.06,fallback
EXP-N7KBNKFV,SME,DE,2,3038764.03,0.3441,0.0783,0.1411,0.0648,fallback
EXP-MH3B0N9C,SME,DE,1,2558872.75,0.5123,0.0456,0.0863,0.0896,fallback
EXP-52VXSLHU,Corporate,FR,1,3155318.63,0.4936,0.0477,0.0562,0.067,fallback
EXP-Q8OCUCNR,SME,FR,2,1162144.6,0.3259,0.0781,0.1266,0.105,fallback
EXP-1OVEJKLC,Retail,ES,2,2851017.85,0.5307,0.0188,0.0564,0.1188,fallback
EXP-QGP1ZQD5,Corporate,US,2,2476059.17,0.5526,0.0239,0.0365,0.0517,fallback
EXP-6MOUZE66,Retail,CN,2,4949768.08,0.253,0.0707,0.135,0.0932,fallback
EXP-OQ4KREG1,Corporate,US,2,235736.11,0.4955,0.0348,0.0662,0.0559,fallback
EXP-PSV8DKMU,Retail,CN,2,2971830.9,0.3479,0.0555,0.0821,0.0856,fallback
EXP-B850PK5L,SME,IT,1,1433433.43,0.3536,0.063,0.1297,0.0616,fallback
EXP-7917XFH4,SME,US,1,1376504.02,0.3756,0.072,0.0922,0.0519,fallback
EXP-3AH7U0S3,Retail,IT,1,4799684.95,0.4159,0.0659,0.0664,0.1001,fallback
EXP-90EMC20L,Retail,CN,1,2227581.27,0.3729,0.0284,0.0889,0.0693,fallback
EXP-6BDZSGU4,Corporate,UK,1,3680253.51,0.4688,0.0152,0.0634,0.1164,fallback
EXP-YJF30KH5,Corporate,CN,3,49773.24,0.2547,0.0363,0.1023,0.1025,fallback
EXP-BYWWIMT8,Retail,IT,1,2177250.72,0.3963,0.0528,0.1025,0.1113,fallback
EXP-RDE51K8L,Corporate,UK,2,2430449.15,0.5187,0.0375,0.0625,0.0581,fallback
EXP-E545VYBJ,SME,FR,2,4782014.48,0.4642,0.0343,0.0622,0.0543,fallback
EXP-O6J0M3LO,SME,CN,1,1315410.21,0.327,0.0374,0.0683,0.0875,fallback
EXP-T8AN2LM1,Corporate,DE,3,560474.95,0.5873,0.0528,0.0618,0.0534,fallback
EXP-4I26LH07,Retail,DE,1,1816867.78,0.2794,0.021,0.0585,0.1029,fallback
EXP-KI1IJE2X,Corporate,FR,3,521578.44,0.3592,0.0439,0.0549,0.1114,fallback
EXP-A0T7DVO3,Retail,US,1,391870.14,0.4018,0.0592,0.1105,0.1049,fallback
EXP-JXQKD8UR,SME,UK,2,2566654.6,0.2094,0.0292,0.0434,0.0855,fallback
EXP-TDI9OINU,SME,UK,1,95890.54,0.3988,0.0376,0.0637,0.0733,fallback
EXP-RIFWR0UI,Corporate,US,2,4879328.96,0.2382,0.0218,0.0823,0.0676,fallback
EXP-V5JHURR8,SME,FR,1,3705150.54,0.5337,0.0126,0.0608,0.0823,fallback
EXP-DZN1F0FP,SME,DE,1,2577011.27,0.5435,0.0795,0.0852,0.112,fallback
EXP-TOKPK7YS,SME,CN,1,861903.21,0.5213,0.0441,0.0965,0.0895,fallback
EXP-ZSJQ77Z4,Retail,FR,1,716172.81,0.4093,0.0243,0.0673,0.0867,fallback
EXP-9LGYTLCQ,SME,FR,1,59007.72,0.3665,0.0205,0.0252,0.0745,fallback
EXP-K6P0N17U,Corporate,UK,3,4417882.49,0.338,0.011,0.0245,0.0642,fallback
EXP-D2V1L1VJ,Corporate,US,3,770584.8,0.4923,0.0296,0.048,0.111,fallback
EXP-H7WFRAC8,Corporate,FR,2,4547056.42,0.2837,0.0102,0.0264,0.1065,fallback
EXP-UNNRLST5,SME,US,1,3327562.72,0.3308,0.045,0.0532,0.1169,fallback
EXP-R2YUPMAN,Corporate,ES,3,4169688.62,0.4845,0.0688,0.108,0.0742,fallback
EXP-NG0APSAL,SME,DE,1,1076762.0,0.4239,0.0799,0.1457,0.1141,fallback
EXP-RBZJW835,Corporate,ES,2,4608604.13,0.4427,0.0123,0.0315,0.0943,fallback
EXP-DNWZZG4C,SME,US,1,877117.13,0.5,0.0553,0.0935,0.0539,fallback
EXP-4X0LY66G,Corporate,CN,3,3555848.44,0.3257,0.0701,0.0895,0.1161,fallback
EXP-CG1FJGBV,Corporate,UK,2,80714.35,0.4658,0.0391,0.0858,0.0786,fallback
EXP-MMUZUQED,Corporate,UK,1,3736673.86,0.5351,0.0102,0.0294,0.063,fallback
EXP-WQ57LY75,Corporate,UK,3,3136858.46,0.208,0.0219,0.0226,0.0593,fallback
EXP-O4JH9JPD,Retail,IT,2,1902759.18,0.3148,0.0295,0.0691,0.0755,fallback
EXP-8VFU9PXY,Corporate,IT,1,2619983.24,0.5318,0.0581,0.07,0.074,fallback
EXP-HHJ7SWRQ,Corporate,IT,1,2762539.92,0.4973,0.0288,0.0647,0.0895,fallback
EXP-5APMXD6L,Corporate,ES,2,2946070.0,0.2135,0.0591,0.1032,0.063,fallback
EXP-0RI0VROB,Retail,FR,2,2200653.47,0.4466,0.0516,0.1002,0.0575,fallback
EXP-S7587H91,SME,FR,3,3872621.52,0.5816,0.0381,0.0401,0.0733,fallback
EXP-QFAF5KCI,Retail,FR,2,4851922.39,0.3237,0.0636,0.1197,0.0563,fallback
EXP-FDTOHRNQ,Retail,FR,1,779148.3,0.4221,0.0643,0.0646,0.0771,fallback
EXP-30POCR0V,SME,FR,2,3817591.04,0.2534,0.0641,0.127,0.0625,fallback
EXP-16XEGHPM,Retail,UK,1,1851971.51,0.3359,0.0676,0.1103,0.0798,fallback
EXP-8GOSD3M0,SME,UK,2,1562349.45,0.4701,0.0436,0.0619,0.1062,fallback
EXP-AXYPBP0E,Retail,US,2,812810.06,0.2515,0.0455,0.0935,0.0851,fallback
EXP-GP15CA8Z,SME,IT,1,3562997.15,0.5377,0.078,0.0858,0.086,fallback
EXP-ERN6YJMK,Corporate,US,1,3640867.55,0.382,0.0134,0.0331,0.088,fallback
EXP-BE0TOGTE,Retail,FR,3,1473266.03,0.3668,0.0413,0.0621,0.0845,fallback
EXP-673UBLBV,SME,UK,3,1733477.54,0.3832,0.0532,0.1175,0.1069,fallback
EXP-0PA8JX54,Retail,ES,1,1915745.85,0.5921,0.0155,0.0804,0.1056,fallback
EXP-I2NR1P02,Corporate,IT,2,1312268.98,0.3213,0.046,0.1058,0.097,fallback
EXP-H2XJQ2WD,Corporate,FR,1,1999366.47,0.2725,0.0299,0.0303,0.0996,fallback
EXP-VWLO7AMM,Retail,ES,1,327975.07,0.3151,0.0598,0.1177,0.0823,fallback
EXP-OXUCR9C0,Corporate,CN,1,2499883.48,0.4129,0.0219,0.0492,0.0713,fallback
EXP-WUO11K09,SME,ES,2,2262980.93,0.387,0.0209,0.0618,0.0592,fallback
EXP-DK5199TM,Corporate,FR,2,4744607.27,0.2494,0.0377,0.0525,0.113,fallback
EXP-81LTO4RQ,SME,US,2,1603823.45,0.3453,0.0174,0.0793,0.061,fallback
EXP-XYDUPPGB,Retail,FR,1,2006271.26,0.2013,0.0681,0.1215,0.0927,fallback
EXP-LIUQDN05,Corporate,UK,2,4994560.32,0.4398,0.0613,0.1275,0.0886,fallback
EXP-G77LK6HQ,Retail,FR,3,4253041.98,0.2646,0.0358,0.097,0.0922,fallback
EXP-VL7FQ8AB,Retail,UK,2,3985800.25,0.5891,0.045,0.0528,0.1107,fallback
EXP-ZE1XTAR0,SME,IT,2,4312223.16,0.2281,0.0392,0.0574,0.108,fallback
EXP-XPEFJ31E,Corporate,FR,1,3846119.96,0.3453,0.0602,0.096,0.0789,fallback
EXP-LYQZ11MY,SME,IT,2,718331.0,0.2972,0.0438,0.0623,0.099,fallback
EXP-A5UZLZUK,Corporate,UK,2,1383741.91,0.2143,0.0198,0.0563,0.0971,fallback
EXP-NWBHKVJZ,Retail,UK,2,3721228.5,0.478,0.0203,0.0408,0.0784,fallback
EXP-SSN7X5RR,Corporate,ES,1,4501020.0,0.589,0.0551,0.0962,0.0968,fallback
EXP-22XMQ664,Retail,US,2,1718411.31,0.3237,0.0257,0.0452,0.1129,fallback
EXP-LCTT058C,Corporate,CN,2,1020624.62,0.4657,0.0379,0.0448,0.0674,fallback
EXP-IZG9JJ00,SME,DE,1,3988376.62,0.2731,0.0755,0.1355,0.0866,fallback
EXP-D5B2CRPR,Retail,DE,2,1046582.91,0.2976,0.0633,0.0967,0.0913,fallback
EXP-E51H3WQA,Corporate,US,2,2441281.03,0.4277,0.0507,0.111,0.0921,fallback
EXP-XJTMYSWE,SME,US,1,3159329.68,0.3315,0.0438,0.0637,0.0841,fallback
EXP-1YD5MY3G,SME,DE,1,4467902.33,0.4038,0.0447,0.0572,0.0649,fallback
EXP-7HYLGOGF,Corporate,UK,1,1533865.26,0.5066,0.043,0.0909,0.0728,fallback
EXP-J7Q4KFMM,Corporate,UK,1,4905960.5,0.4614,0.0652,0.1198,0.0815,fallback
EXP-BOXFQJ3H,SME,UK,3,2820799.16,0.5051,0.0104,0.0762,0.0679,fallback
EXP-02WPJCF0,SME,UK,2,128158.2,0.371,0.0368,0.0759,0.0829,fallback
EXP-I9VCCMTP,Retail,IT,1,3908327.44,0.356,0.0772,0.1267,0.083,fallback
EXP-5VUUPLTX,Corporate,CN,2,379203.91,0.5909,0.0613,0.119,0.1072,fallback
EXP-ZL46Q5GQ,Corporate,ES,1,119040.53,0.5088,0.0148,0.0698,0.0733,fallback
EXP-FXP323C9,Corporate,IT,1,4857478.95,0.3036,0.0523,0.1176,0.0896,fallback
EXP-KMCCDUEF,Retail,CN,1,4799343.41,0.5492,0.0329,0.0706,0.0902,fallback
EXP-PJQ50XCX,SME,IT,2,3054057.1,0.5972,0.0626,0.1163,0.0869,fallback
EXP-KWOALF4V,Corporate,US,1,3699898.47,0.5794,0.0723,0.1004,0.0873,fallback
EXP-55F1HGAV,Corporate,US,1,3330355.33,0.508,0.0502,0.075,0.1046,fallback
EXP-XHF9I71A,Corporate,ES,1,1749112.81,0.2277,0.0709,0.1359,0.1084,fallback
EXP-BPH1VE8S,SME,CN,3,136865.2,0.547,0.0698,0.0844,0.0862,fallback
EXP-0LG92MJE,Retail,ES,1,3785465.72,0.2481,0.0442,0.0865,0.0505,fallback
EXP-4P4K9DXO,SME,ES,1,2007538.66,0.543,0.0348,0.101,0.1166,fallback
EXP-GASFQBVH,SME,UK,3,3650849.27,0.5589,0.0132,0.0725,0.0705,fallback
EXP-803G5DFR,Corporate,IT,2,2080233.09,0.263,0.0221,0.0876,0.0938,fallback
EXP-Q0FOT10G,SME,DE,1,3113348.71,0.2114,0.0118,0.0138,0.0744,fallback
EXP-94TEVWLQ,Retail,IT,1,469698.26,0.5953,0.0179,0.0512,0.0726,fallback
EXP-04HHE7IC,Corporate,DE,3,1834257.81,0.4454,0.0601,0.0935,0.0783,fallback
EXP-L9YSU51E,Corporate,ES,1,535088.77,0.2905,0.0229,0.0691,0.0963,fallback
EXP-W29AW4IO,Corporate,DE,2,3684687.53,0.5403,0.0624,0.1184,0.0837,fallback
EXP-9QJP0XSM,SME,FR,1,946863.84,0.5478,0.078,0.1064,0.0739,fallback
EXP-1J2PATD9,SME,US,1,3862318.87,0.3825,0.0168,0.0767,0.0584,fallback
EXP-9C5SO79H,Corporate,US,3,1485610.03,0.5493,0.0315,0.062,0.0655,fallback
EXP-UTBTTY9G,Retail,FR,1,1001398.83,0.4978,0.0468,0.1014,0.0976,fallback
EXP-F7V4K88K,Corporate,CN,2,3175219.98,0.4473,0.069,0.1216,0.1126,fallback
EXP-ZYH0VC1F,SME,ES,1,1616387.2,0.4886,0.031,0.0362,0.1035,fallback
EXP-IMI8FO0V,Retail,UK,1,1962278.97,0.2638,0.0393,0.0807,0.0644,fallback
EXP-LDWQXKE0,Retail,ES,1,3364467.96,0.5042,0.0108,0.019,0.0549,fallback
EXP-6EQV5Y21,Corporate,FR,2,1713472.18,0.3088,0.0792,0.1059,0.0572,fallback
EXP-X48PW5K0,Corporate,IT,1,3020547.18,0.4396,0.0354,0.0963,0.0948,fallback
EXP-D3IRVXD2,SME,UK,2,2104030.34,0.5345,0.0788,0.0846,0.0892,fallback
EXP-VV28UE1M,Corporate,UK,3,1885353.48,0.4076,0.0748,0.1016,0.1133,fallback
EXP-PQ5BO20P,SME,DE,1,4078264.86,0.4873,0.0128,0.0581,0.0897,fallback
EXP-BQ6MYM8J,Retail,US,1,3156301.16,0.3316,0.0305,0.0594,0.0727,fallback
EXP-1TLOM344,Corporate,IT,1,4954968.69,0.3053,0.0656,0.0803,0.0931,fallback
EXP-6DOWX1H4,Corporate,ES,1,4027726.84,0.5864,0.0322,0.0536,0.0736,fallback
EXP-EU6ZU1TO,SME,UK,1,4479943.35,0.5019,0.0772,0.0998,0.0639,fallback
EXP-FMMEN405,Retail,US,1,3561211.18,0.5659,0.0564,0.1161,0.0929,fallback
EXP-F9AIZH5P,Retail,US,1,1625943.12,0.2899,0.0678,0.085,0.0602,fallback
EXP-OTUO4UW5,SME,ES,3,1225964.2,0.2083,0.0529,0.1116,0.0683,fallback
EXP-7LM8E49I,SME,CN,2,4019096.17,0.3054,0.0359,0.0989,0.059,fallback
EXP-IMZ93IJ4,Corporate,ES,2,3544686.05,0.4141,0.0173,0.0751,0.0807,fallback
EXP-UCM5FYCZ,Corporate,CN,1,2186559.41,0.5813,0.022,0.0612,0.1163,fallback
EXP-EOXLZKI2,Corporate,CN,2,147609.1,0.4391,0.0402,0.0937,0.0601,fallback
EXP-B1V1CCOF,Corporate,FR,1,4901090.99,0.4347,0.0704,0.1384,0.1186,fallback
EXP-LDOZY2NR,Retail,US,1,4180339.67,0.2118,0.075,0.126,0.0628,fallback
EXP-GOI9WM1S,SME,DE,2,1782233.19,0.4829,0.0715,0.1065,0.0543,fallback
EXP-TANA6U48,Corporate,FR,3,305139.54,0.3493,0.0218,0.0893,0.0935,fallback
EXP-FNGP41S3,Retail,ES,1,2680717.83,0.5903,0.0168,0.0646,0.0935,fallback
EXP-7DYVGDGF,Corporate,CN,1,4442285.38,0.5175,0.0184,0.0838,0.1156,fallback
EXP-TMNI3GOM,Corporate,ES,3,2744422.37,0.3555,0.0414,0.0495,0.0995,fallback
EXP-SUTOTHLQ,Corporate,FR,1,502914.05,0.4079,0.0564,0.0788,0.1161,fallback
EXP-LRNR2KYB,SME,US,1,2027148.05,0.3508,0.0443,0.0787,0.0632,fallback
EXP-X0TBKG8B,Retail,US,3,1542527.95,0.435,0.073,0.111,0.1112,fallback
EXP-BHQGHLZR,Corporate,CN,3,2546790.4,0.5397,0.0456,0.0933,0.0929,fallback
EXP-AI33993N,Retail,US,2,4611210.83,0.2824,0.0583,0.123,0.0531,fallback
EXP-YZ6L7X6O,Retail,DE,2,2997770.66,0.4487,0.0281,0.0927,0.1076,fallback
EXP-VWOZQXIW,SME,DE,1,1397652.55,0.5604,0.0672,0.1014,0.1132,fallback
EXP-8ZZKK4J1,SME,ES,1,341836.57,0.4148,0.0217,0.0735,0.1165,fallback
EXP-REBNDYCP,Corporate,IT,2,4233806.94,0.2803,0.0463,0.0488,0.1017,fallback
EXP-GHLU8M87,SME,IT,2,2989037.37,0.2164,0.0754,0.1291,0.064,fallback
EXP-IWMZAP4V,Corporate,IT,2,291576.52,0.352,0.0763,0.1117,0.0613,fallback
EXP-TWG7NFDI,Corporate,ES,1,4821240.92,0.2227,0.0579,0.0866,0.0894,fallback
EXP-UCX67XKW,SME,ES,3,3845790.21,0.2479,0.0257,0.0697,0.0666,fallback
EXP-7FTMFWG8,SME,IT,1,3066916.42,0.3381,0.0792,0.111,0.0758,fallback
EXP-549EWHO5,Retail,ES,3,2164365.57,0.3199,0.013,0.0417,0.0817,fallback
EXP-TIZU802N,SME,ES,2,2322950.6,0.3351,0.0566,0.0659,0.1104,fallback
EXP-TQ685OHM,SME,FR,3,1880335.03,0.3228,0.0375,0.0704,0.0769,fallback
EXP-UG9Y1XU2,Corporate,FR,2,2164601.26,0.5773,0.0117,0.0262,0.0722,fallback
EXP-7W05Y2DA,Retail,US,1,4341470.19,0.2522,0.0752,0.0973,0.0732,fallback
EXP-H4N6V3RZ,Retail,IT,1,1573336.47,0.5607,0.0242,0.0347,0.0571,fallback
EXP-6OUWZK4I,Corporate,DE,3,807463.9,0.5522,0.0214,0.0297,0.1162,fallback
EXP-R1V9NPUQ,SME,DE,2,494373.98,0.2158,0.0716,0.1047,0.1163,fallback
EXP-GWY7D78H,Corporate,UK,1,1725705.81,0.3359,0.016,0.0419,0.0705,fallback
EXP-V9NJS96A,Retail,IT,1,1780012.13,0.5934,0.0446,0.0881,0.0536,fallback
EXP-J9XXLB57,Retail,DE,3,3505569.28,0.3052,0.0797,0.1033,0.0902,fallback
EXP-YZM242OM,SME,IT,3,1909548.86,0.5618,0.0366,0.0391,0.0683,fallback
EXP-DXLSE33D,Retail,DE,1,2449263.79,0.3067,0.0739,0.1382,0.0761,fallback
EXP-00M6CU88,Retail,UK,1,2863824.95,0.2948,0.0161,0.0214,0.105,fallback
EXP-7GZDPYHZ,Retail,ES,1,3066700.26,0.2225,0.0197,0.084,0.0938,fallback
EXP-GKY5CGAG,Retail,FR,1,2385460.11,0.2789,0.0792,0.1216,0.0601,fallback
EXP-G41IO4KO,Corporate,UK,1,2881416.06,0.2757,0.0187,0.072,0.0653,fallback
EXP-8J1CCM0W,SME,US,2,4124098.17,0.4942,0.0471,0.0929,0.0556,fallback
EXP-16ZV8U0L,Corporate,IT,3,2235200.72,0.5909,0.0572,0.0795,0.1068,fallback
EXP-GVBMQQ74,SME,ES,2,2503477.7,0.5054,0.0319,0.1018,0.1108,fallback
EXP-AFL9WOA2,SME,UK,1,2266360.28,0.2568,0.0625,0.0919,0.0606,fallback
EXP-HRF34JGV,Retail,ES,2,1092799.0,0.2066,0.0431,0.0621,0.0805,fallback
EXP-8ZVFSRHR,Retail,IT,3,2441837.29,0.4663,0.0347,0.0421,0.0611,fallback
EXP-TMNYEURA,Corporate,IT,2,1559953.5,0.4474,0.0528,0.0947,0.0672,fallback
EXP-6RKM2Z68,SME,US,3,3444526.06,0.5641,0.0732,0.1176,0.0901,fallback
EXP-U6L5NFLT,Retail,ES,2,3543443.37,0.4438,0.0669,0.0843,0.113,fallback
EXP-JF4CIWL3,Corporate,ES,2,1337376.52,0.3798,0.0644,0.1198,0.0602,fallback
EXP-H3G7VKC5,SME,CN,2,4783771.46,0.3939,0.032,0.0938,0.0698,fallback
EXP-FAX1CQ6F,SME,UK,2,2120726.72,0.5274,0.0108,0.0291,0.0889,fallback
EXP-HVKVLABL,Corporate,ES,1,2226255.0,0.3256,0.0756,0.1075,0.0599,fallback
EXP-GW1XL1BS,Corporate,UK,3,1881394.94,0.2102,0.0404,0.0631,0.1,fallback
EXP-7I19MO1R,SME,CN,1,328750.73,0.2272,0.0206,0.0572,0.0867,fallback
EXP-HF15ICYA,Corporate,UK,3,3950746.2,0.4778,0.0484,0.0547,0.0658,fallback
EXP-ELNWOSKA,Retail,UK,3,220457.62,0.5034,0.0765,0.1433,0.079,fallback
EXP-AZUN6FHT,Retail,UK,3,210248.8,0.4359,0.0246,0.0654,0.0936,fallback
EXP-VMLJEKBV,SME,UK,3,2785750.97,0.4044,0.0212,0.0353,0.0858,fallback
EXP-7H10KYHV,SME,IT,1,1030904.41,0.2451,0.0371,0.0446,0.0825,fallback
EXP-SLHGMRZZ,Corporate,ES,2,3134326.99,0.4267,0.0719,0.0896,0.0921,fallback
EXP-Y7CDABBA,Retail,IT,1,4604886.57,0.3921,0.0518,0.1075,0.0712,fallback
EXP-X80NKXKB,SME,DE,1,3646453.66,0.5845,0.0168,0.0426,0.0599,fallback
EXP-70YB7RAD,SME,FR,2,4651327.49,0.5549,0.066,0.0803,0.1109,fallback
EXP-CYHONBPQ,Corporate,FR,1,3477643.7,0.3093,0.0116,0.051,0.0904,fallback
EXP-ZHJY8GY3,Retail,UK,1,3286484.04,0.5838,0.0713,0.121,0.1111,fallback
EXP-0KDN3TN6,SME,UK,2,2799132.54,0.4812,0.0654,0.1155,0.0879,fallback
EXP-QMK31RTM,SME,ES,1,3678622.83,0.3387,0.0222,0.0503,0.0922,fallback
EXP-5FBS4WVT,Retail,US,3,1670692.34,0.3435,0.0427,0.0955,0.0612,fallback
EXP-CPESBDA7,Corporate,UK,1,706211.29,0.5265,0.0244,0.0729,0.1018,fallback
EXP-2TOXOU0Y,Corporate,DE,1,3551667.31,0.334,0.0182,0.0694,0.0948,fallback
EXP-682R6ZL1,SME,IT,1,786948.9,0.4776,0.0627,0.1128,0.0879,fallback
EXP-H3YCQE8X,Retail,DE,3,4758237.35,0.2764,0.0111,0.0318,0.0918,fallback
EXP-RWBRBLBZ,SME,US,2,1944859.09,0.2834,0.04,0.0813,0.1027,fallback
EXP-Y9N81DJD,Retail,FR,3,2119281.33,0.4348,0.0716,0.138,0.1081,fallback
EXP-9BL14HOA,Corporate,FR,2,4612331.34,0.3819,0.0624,0.0793,0.1104,fallback
EXP-ZN7XBVZR,Retail,ES,1,4678335.54,0.3778,0.0451,0.0775,0.1097,fallback
EXP-4HRA1361,Retail,DE,1,1458530.42,0.3326,0.0177,0.0285,0.0628,fallback
EXP-38EFE9VA,SME,ES,1,4329172.29,0.4334,0.0445,0.0945,0.1056,fallback
EXP-DRKUPCJ8,SME,IT,2,112482.65,0.4101,0.0586,0.103,0.0781,fallback
EXP-UXQ9NJC2,Retail,FR,2,4534015.04,0.5502,0.0185,0.0298,0.0789,fallback
EXP-ONSASJTK,Corporate,US,1,208381.26,0.281,0.031,0.0833,0.0724,fallback
EXP-RDNWT2FE,Retail,CN,1,4304322.57,0.5205,0.0232,0.0564,0.1103,fallback
EXP-WOW73O1B,Retail,IT,2,2393665.11,0.5959,0.0151,0.0266,0.0519,fallback
EXP-I6R8SO5W,Corporate,FR,2,3635211.3,0.3495,0.0415,0.1,0.0865,fallback
EXP-D6FXNOQ3,SME,IT,1,3867764.86,0.3731,0.0122,0.0168,0.1085,fallback
EXP-N5YZ7VXU,Corporate,ES,1,1642167.96,0.3233,0.0764,0.1122,0.0564,fallback
EXP-W75VI7LI,SME,FR,1,4876380.99,0.4131,0.0531,0.0575,0.1181,fallback
EXP-PX16F1KY,Retail,IT,3,4130418.72,0.4071,0.0388,0.0573,0.088,fallback
EXP-0KIVWM53,SME,IT,1,1030277.79,0.3851,0.0464,0.0546,0.0774,fallback
EXP-VJ839AG7,Corporate,ES,2,1360995.06,0.4273,0.0476,0.0578,0.1154,fallback
EXP-BP9VRNEG,Corporate,IT,1,2922082.2,0.3108,0.0497,0.0636,0.0529,fallback
EXP-7YH6UAMW,Retail,IT,1,1394006.55,0.4194,0.0288,0.0837,0.0801,fallback
EXP-MIAV1G8N,Retail,CN,2,1109983.65,0.4415,0.0626,0.1275,0.0512,fallback
EXP-RD4HQFGH,Retail,DE,1,464976.98,0.4962,0.0785,0.0974,0.0667,fallback
EXP-I4OPF541,SME,DE,2,2181614.48,0.5444,0.0695,0.1007,0.1036,fallback
EXP-LRW4VNZV,Retail,UK,3,4410213.46,0.3966,0.0653,0.102,0.0764,fallback
EXP-KIVQA7IZ,SME,ES,3,1043583.24,0.3257,0.0384,0.0558,0.106,fallback
EXP-QPPMJ6JF,SME,FR,2,2862566.0,0.3438,0.0114,0.0419,0.0952,fallback
EXP-BIZFWTJS,Corporate,IT,2,2659373.43,0.2783,0.0125,0.0392,0.0604,fallback
EXP-LSIDBX28,Retail,UK,1,4293916.26,0.3114,0.0741,0.0901,0.0702,fallback
EXP-HZCD3GEQ,SME,US,1,4710660.37,0.558,0.0265,0.083,0.1006,fallback
EXP-GJ3S6OGQ,Retail,US,1,2672950.14,0.2747,0.0651,0.0879,0.0669,fallback
EXP-GDIX1CNA,Corporate,ES,2,4173056.8,0.4295,0.0295,0.0467,0.1059,fallback
EXP-QXS2U4OJ,Corporate,ES,1,3773750.11,0.4201,0.0608,0.123,0.0852,fallback
EXP-4E6NKAR1,SME,FR,2,639936.81,0.2146,0.0151,0.0847,0.1043,fallback
EXP-2OF66JOZ,Retail,IT,1,2255202.77,0.4362,0.0631,0.0729,0.0824,fallback
EXP-DNM655CK,SME,US,2,4798495.62,0.2981,0.0202,0.065,0.0886,fallback
EXP-G7F9FZJA,Retail,FR,3,4670546.12,0.5475,0.0436,0.0683,0.0865,fallback
EXP-LN2V51PS,Retail,UK,2,2247309.7,0.3336,0.0529,0.0772,0.101,fallback
EXP-LZ0WF1HW,Corporate,IT,2,2534679.22,0.5995,0.0207,0.0784,0.0654,fallback
EXP-P3FTJ6AC,Retail,US,1,1521522.35,0.5814,0.0236,0.0635,0.0686,fallback
EXP-YEY3M0NQ,SME,IT,2,3937190.64,0.2876,0.0741,0.0857,0.0891,fallback
EXP-4VY32I3P,Corporate,IT,1,1659693.32,0.466,0.0469,0.0936,0.1158,fallback
EXP-K5DFI25I,SME,FR,1,2499383.12,0.4897,0.0383,0.1049,0.0988,fallback
EXP-CFR7CL6P,Corporate,US,2,1821334.61,0.497,0.0394,0.0626,0.0608,fallback
EXP-R97OHPII,SME,US,1,4892009.51,0.3335,0.0359,0.0575,0.0735,fallback
EXP-2ATRD83X,Corporate,DE,1,1642443.06,0.3507,0.0158,0.0215,0.083,fallback
EXP-3MUB6LBU,Retail,DE,2,676081.67,0.5935,0.0357,0.0837,0.05,fallback
EXP-JK4CWEQ4,Retail,FR,3,3949817.99,0.5588,0.0677,0.102,0.1043,fallback
EXP-4XZ3MSKZ,Corporate,ES,2,489639.75,0.4426,0.0582,0.0604,0.1065,fallback
EXP-QZBC5F9E,Retail,UK,1,3973344.96,0.5388,0.0566,0.0713,0.0698,fallback
EXP-EX7TV7HR,SME,DE,1,3441751.78,0.4317,0.0603,0.0908,0.061,fallback
EXP-O3Q825Q3,Retail,UK,3,1731977.36,0.2196,0.0689,0.1252,0.0796,fallback
EXP-5FJD5MBF,SME,CN,2,4790744.92,0.5006,0.0708,0.0837,0.0847,fallback
EXP-WZ2NAR3S,SME,FR,1,4537461.41,0.4883,0.0393,0.0933,0.0733,fallback
EXP-TV7H10B8,Corporate,CN,2,4290292.68,0.4976,0.0291,0.0564,0.0703,fallback
EXP-2R576VIL,SME,CN,1,232123.16,0.333,0.0385,0.0824,0.0814,fallback
EXP-UOAIH3IA,SME,DE,1,4458650.85,0.5409,0.0672,0.114,0.1062,fallback
EXP-50121XRU,SME,CN,3,2680935.6,0.5598,0.0758,0.0769,0.0887,fallback
EXP-GXAPLIRD,Retail,UK,3,4277617.06,0.5703,0.0372,0.088,0.0681,fallback
EXP-0N1K9YXC,Corporate,FR,1,1468659.97,0.3028,0.0213,0.0512,0.1097,fallback
EXP-JG1MS4TS,Retail,ES,3,4768391.79,0.2264,0.0639,0.117,0.093,fallback
EXP-TJA622DC,Retail,FR,1,1787732.72,0.2368,0.0223,0.0788,0.0612,fallback
EXP-B42P31OG,Corporate,CN,3,2678698.04,0.3915,0.0747,0.1189,0.0838,fallback
EXP-X6R1NXHB,Corporate,ES,1,3741194.37,0.2268,0.0795,0.0954,0.0503,fallback
EXP-0ALQEDS1,SME,CN,1,95435.44,0.4658,0.0361,0.0598,0.0831,fallback
EXP-B4LL3K4B,Corporate,IT,3,4980717.04,0.4904,0.0338,0.0775,0.1175,fallback
EXP-499NR0OA,Retail,IT,1,3482574.81,0.5263,0.0799,0.0995,0.0629,fallback
EXP-NDJM5GH2,Retail,FR,1,4348829.38,0.5726,0.0522,0.1118,0.0694,fallback
EXP-75T6XDO7,Corporate,IT,2,3776654.75,0.5652,0.0156,0.0655,0.0565,fallback
EXP-VDRQNTJV,SME,CN,1,1352550.47,0.2208,0.0148,0.0812,0.0557,fallback
EXP-3Q0E03YI,Retail,ES,1,933794.75,0.5673,0.059,0.0663,0.0977,fallback
EXP-IPWN3KE9,SME,ES,2,2887686.86,0.4919,0.0689,0.1034,0.0701,fallback
EXP-VAEV0YU3,Retail,CN,1,3085760.39,0.5558,0.0595,0.0773,0.1177,fallback
EXP-0YEH8UXZ,Retail,US,3,670918.39,0.2161,0.0799,0.132,0.051,fallback
EXP-EN9NSJX4,Retail,FR,1,1713371.36,0.3788,0.0203,0.0657,0.0772,fallback
EXP-8PJPF240,Retail,CN,1,4351055.86,0.5432,0.0564,0.0907,0.0643,fallback
EXP-A2TVMXQY,Retail,IT,2,4407719.89,0.2563,0.0296,0.0594,0.1174,fallback
EXP-IRH8S7DZ,SME,CN,1,810686.88,0.2882,0.0733,0.0745,0.0983,fallback
EXP-C8D6JI87,SME,US,2,4311392.01,0.4066,0.0317,0.06,0.0902,fallback
EXP-8LYTUAGD,Corporate,IT,3,4609919.13,0.451,0.0784,0.0786,0.1035,fallback
EXP-4VUDQHIB,SME,IT,1,3483174.4,0.3088,0.024,0.0521,0.083,fallback
EXP-YD6I5HO9,Retail,DE,1,2667105.07,0.3973,0.0402,0.0796,0.0977,fallback
EXP-DJ7O9X66,Corporate,DE,1,2211993.06,0.2543,0.0617,0.077,0.1146,fallback
EXP-W1BYTXZA,Corporate,US,2,602707.71,0.5222,0.0654,0.103,0.1072,fallback
EXP-IUAZ71UF,Retail,UK,1,3980654.21,0.555,0.017,0.0523,0.1186,fallback
EXP-00HHEQXI,Corporate,FR,1,116593.39,0.3101,0.022,0.033,0.0583,fallback
EXP-YFC6RANT,Corporate,UK,2,1028776.4,0.4509,0.0716,0.0926,0.0576,fallback
EXP-3JSTY876,Retail,CN,1,1066808.03,0.2615,0.0176,0.0336,0.112,fallback
EXP-QG4QLV72,Retail,US,1,4145589.94,0.4377,0.0562,0.0713,0.0637,fallback
EXP-EZ6IZ8ER,SME,UK,2,1883875.38,0.4142,0.0749,0.1361,0.0999,fallback
EXP-IB4TCTDS,Retail,DE,1,273630.17,0.2719,0.0713,0.1272,0.0683,fallback
EXP-H2HWSWCZ,Corporate,CN,1,689537.96,0.2713,0.0399,0.0994,0.1016,fallback
EXP-BAAXA3BL,SME,US,3,2309887.03,0.4725,0.0795,0.1031,0.1066,fallback
EXP-P6XCW8AF,Corporate,IT,1,414505.35,0.4752,0.0437,0.1001,0.0765,fallback
EXP-FTFYTKS1,Retail,FR,1,3975500.93,0.4016,0.0303,0.0507,0.1077,fallback
EXP-SQBBX5NW,SME,DE,1,2512062.95,0.5153,0.032,0.0648,0.1007,fallback
EXP-FJILXN32,SME,ES,3,2654875.75,0.3621,0.0494,0.0659,0.0529,fallback
EXP-VWQM9128,Corporate,US,2,206486.22,0.3879,0.0385,0.0553,0.0629,fallback
EXP-JT660J08,Retail,UK,1,312951.71,0.5208,0.075,0.1356,0.0883,fallback
EXP-1TCJFCZW,SME,IT,3,2497251.65,0.5724,0.0461,0.0726,0.062,fallback
EXP-A51E04PD,Corporate,US,1,3229478.53,0.4668,0.0315,0.0523,0.0558,fallback
EXP-M115BOIY,Retail,IT,2,4111964.22,0.3167,0.0788,0.1061,0.0978,fallback
EXP-QL25S8T6,SME,DE,1,966443.56,0.5462,0.061,0.1078,0.1012,fallback
EXP-J0EVZYMK,SME,UK,1,1214802.53,0.479,0.0463,0.1044,0.1195,fallback
EXP-M3JLZOHF,SME,DE,1,1201697.35,0.5666,0.0246,0.0782,0.0566,fallback
EXP-B9IDYREX,Corporate,FR,1,2279172.11,0.3866,0.0715,0.0802,0.1118,fallback
EXP-S1LOQSOT,Retail,US,2,3619570.47,0.5825,0.0743,0.1171,0.1124,fallback
EXP-VMOT4SAY,Retail,IT,2,4558439.4,0.2835,0.0119,0.0686,0.0946,fallback
EXP-0OAWHN2E,SME,DE,1,1326796.88,0.3135,0.0785,0.0869,0.0718,fallback
EXP-DKITMAF9,Retail,FR,1,4044482.93,0.5483,0.0548,0.0951,0.107,fallback
EXP-QMPD7Z4K,Retail,CN,2,4708584.69,0.4426,0.0454,0.0505,0.0785,fallback
